company_id,company,industry,public_strength,hypothesis_id,question,baseline_metric,unit,observed_value,measurement_plan,formula,secondary_measurements,possible_contribution,acceptance_boundary,sources,status
aa-window-washing,AA Window Washing,Professional Services,Several exterior-cleaning services and seasonal lighting create a clear local service offering.,aa-window-washing-h1,Would a consistent property-and-service checklist shorten the time needed to prepare an accurate quote?,Median inquiry-to-owner-approved-quote time,hours,UNKNOWN,"Agree eligible work, observation window, quality threshold and exclusions with the owner before comparing.",,,"A local quote-intake checklist flags missing window counts, access notes, service type and customer-supplied photos before human review.",Never estimate job safety or final pricing from an image; preserve owner site checks.,https://ec.co/takeoff-fall-2026-accelerator-cohort/#c-aa-window-washing | http://aawindows.pro,HYPOTHESIS_REQUIRES_OWNER_VALIDATION
aa-window-washing,AA Window Washing,Professional Services,Several exterior-cleaning services and seasonal lighting create a clear local service offering.,aa-window-washing-h2,Could grouping compatible visits by area reduce travel while preserving customer appointment windows?,Travel minutes per completed visit,minutes/visit,UNKNOWN,"Agree eligible work, observation window, quality threshold and exclusions with the owner before comparing.",,,A spreadsheet compares the current route with owner-approved area clusters using anonymized locations and fixed visit windows.,Do not move bookings automatically; retain all jobs and service commitments.,https://ec.co/takeoff-fall-2026-accelerator-cohort/#c-aa-window-washing | http://aawindows.pro,HYPOTHESIS_REQUIRES_OWNER_VALIDATION
aa-window-washing,AA Window Washing,Professional Services,Several exterior-cleaning services and seasonal lighting create a clear local service offering.,aa-window-washing-h3,Would a seasonal equipment checklist reduce preventable return trips for missing supplies?,Supply-related return trips per completed job,trips/job,UNKNOWN,"Agree eligible work, observation window, quality threshold and exclusions with the owner before comparing.",,,A service-specific pack-list and exception log covers cleaning equipment and seasonal lighting inventory.,A checklist does not replace equipment inspections or safe work practices.,https://ec.co/takeoff-fall-2026-accelerator-cohort/#c-aa-window-washing | http://aawindows.pro,HYPOTHESIS_REQUIRES_OWNER_VALIDATION
advia-solutions,AdVia Solutions,Other,Its stated approach connects development pathways with anonymized workforce insights.,advia-solutions-h1,Could a shared intake structure make development needs easier for a facilitator to review?,Facilitator preparation time per completed intake,minutes/intake,UNKNOWN,"Agree eligible work, observation window, quality threshold and exclusions with the owner before comparing.",,,"An owner-approved intake template groups volunteered goals and requested support, with an editable summary draft.","Do not infer employee performance, mental health or suitability for promotion.",https://ec.co/takeoff-fall-2026-accelerator-cohort/#c-advia-solutions | https://adviasolutions.org,HYPOTHESIS_REQUIRES_OWNER_VALIDATION
advia-solutions,AdVia Solutions,Other,Its stated approach connects development pathways with anonymized workforce insights.,advia-solutions-h2,Would a pathway inventory reveal requests that currently lack an appropriate learning resource?,Requests with a facilitator-confirmed pathway,percent,UNKNOWN,"Agree eligible work, observation window, quality threshold and exclusions with the owner before comparing.",,,A local resource map links owner-defined development topics to current materials and records unserved requests.,The facilitator selects the pathway; no automated employment decisions.,https://ec.co/takeoff-fall-2026-accelerator-cohort/#c-advia-solutions | https://adviasolutions.org,HYPOTHESIS_REQUIRES_OWNER_VALIDATION
advia-solutions,AdVia Solutions,Other,Its stated approach connects development pathways with anonymized workforce insights.,advia-solutions-h3,Could an aggregate-report check preserve useful patterns without exposing small groups?,Reports passing owner-defined aggregation rules on first review,percent,UNKNOWN,"Agree eligible work, observation window, quality threshold and exclusions with the owner before comparing.",,,"A synthetic-data checker flags small cells, unique combinations and missing denominators before a leadership report is shared.",Owner privacy review sets thresholds; no raw employee data enters the starter tool.,https://ec.co/takeoff-fall-2026-accelerator-cohort/#c-advia-solutions | https://adviasolutions.org,HYPOTHESIS_REQUIRES_OWNER_VALIDATION
aegiskeep,Aegiskeep,IT / Technology,"The public vault design makes document-specific, expiring access a central feature.",aegiskeep-h1,Could a metadata completeness check reduce manual preparation of a family document package?,Missing required metadata fields per test package,fields/package,UNKNOWN,"Agree eligible work, observation window, quality threshold and exclusions with the owner before comparing.",,,"A synthetic document manifest checks owner-defined document types, dates and version labels without reading document contents.","No real financial, medical or legal documents; no judgment about legal sufficiency.",https://ec.co/takeoff-fall-2026-accelerator-cohort/#c-aegiskeep | https://aegiskeep.com | https://www.aegiskeep.com/,HYPOTHESIS_REQUIRES_OWNER_VALIDATION
aegiskeep,Aegiskeep,IT / Technology,"The public vault design makes document-specific, expiring access a central feature.",aegiskeep-h2,Would permission-expiry test cases help verify that each intended recipient sees only the intended files?,Access-control scenarios matching the approved permission matrix,percent,UNKNOWN,"Agree eligible work, observation window, quality threshold and exclusions with the owner before comparing.",,,"A local test matrix covers permitted view, denied download, expired grant and revoked grant using fictional users.","This is a test plan, not a security certification; no live permission changes.",https://ec.co/takeoff-fall-2026-accelerator-cohort/#c-aegiskeep | https://aegiskeep.com | https://www.aegiskeep.com/,HYPOTHESIS_REQUIRES_OWNER_VALIDATION
aegiskeep,Aegiskeep,IT / Technology,"The public vault design makes document-specific, expiring access a central feature.",aegiskeep-h3,Could explicit version links make replacement documents easier to distinguish from unrelated duplicates?,Ambiguous duplicate/version pairs remaining after review,pairs,UNKNOWN,"Agree eligible work, observation window, quality threshold and exclusions with the owner before comparing.",,,A file-manifest comparison groups exact hashes separately from owner-confirmed version relationships.,Never delete or overwrite documents automatically; preserve source history.,https://ec.co/takeoff-fall-2026-accelerator-cohort/#c-aegiskeep | https://aegiskeep.com | https://www.aegiskeep.com/,HYPOTHESIS_REQUIRES_OWNER_VALIDATION
aligned-strategy-partners,Aligned Strategy Partners,IT / Technology,"The site connects diagnosis, operating-model design and implementation through both partner-led and guided offerings.",aligned-strategy-partners-h1,Could one intake brief make the choice between partner-led support and guided tools clearer?,Intakes requiring clarification before owner-approved service routing,percent,UNKNOWN,"Agree eligible work, observation window, quality threshold and exclusions with the owner before comparing.",,,"A brief builder summarizes stated goals, available implementation time and requested support against published service descriptions.",Route recommendations remain editable and owner-confirmed; no invented client budget.,https://ec.co/takeoff-fall-2026-accelerator-cohort/#c-aligned-strategy-partners | https://alignwithsp.com/,HYPOTHESIS_REQUIRES_OWNER_VALIDATION
aligned-strategy-partners,Aligned Strategy Partners,IT / Technology,"The site connects diagnosis, operating-model design and implementation through both partner-led and guided offerings.",aligned-strategy-partners-h2,Would a dependency-and-owner checklist make a client's next implementation step easier to identify?,Open roadmap steps without an owner or prerequisite,count,UNKNOWN,"Agree eligible work, observation window, quality threshold and exclusions with the owner before comparing.",,,"A small roadmap validator flags missing owners, blocked prerequisites and undefined completion evidence.",Use the existing roadmap; do not create a parallel project system.,https://ec.co/takeoff-fall-2026-accelerator-cohort/#c-aligned-strategy-partners | https://alignwithsp.com/,HYPOTHESIS_REQUIRES_OWNER_VALIDATION
aligned-strategy-partners,Aligned Strategy Partners,IT / Technology,"The site connects diagnosis, operating-model design and implementation through both partner-led and guided offerings.",aligned-strategy-partners-h3,Could a before-and-after time diary distinguish implementation benefits from changes in client workload?,Owner administrative minutes per comparable completed service unit,minutes/unit,UNKNOWN,"Agree eligible work, observation window, quality threshold and exclusions with the owner before comparing.",,,"A baseline worksheet records repeated tasks, volume, exceptions and observed time before and after one agreed workflow change.",No claimed time or financial savings until comparable observations exist.,https://ec.co/takeoff-fall-2026-accelerator-cohort/#c-aligned-strategy-partners | https://alignwithsp.com/,HYPOTHESIS_REQUIRES_OWNER_VALIDATION
amara-bitters,Amara Bitters,Healthcare,"A focused alcohol-free product range is supported by a shop, recipes and educational content.",amara-bitters-h1,Would a lot-and-expiry inventory view make small-batch replenishment easier to plan?,Orders delayed by unavailable stock,percent,UNKNOWN,"Agree eligible work, observation window, quality threshold and exclusions with the owner before comparing.",,,"A local inventory worksheet links SKU, lot, expiry, stock on hand and owner-entered lead time to a review-only reorder flag.",Use confirmed inventory; do not predict shelf life or product safety.,https://ec.co/takeoff-fall-2026-accelerator-cohort/#c-amara-bitters | https://amara-bitters.com/,HYPOTHESIS_REQUIRES_OWNER_VALIDATION
amara-bitters,Amara Bitters,Healthcare,"A focused alcohol-free product range is supported by a shop, recipes and educational content.",amara-bitters-h2,Could an approved-answer library reduce repeated nonclinical questions about ordering and product formats?,Staff minutes spent on repeated shipping or product-format questions,minutes/week,UNKNOWN,"Agree eligible work, observation window, quality threshold and exclusions with the owner before comparing.",,,"A source-linked reply library drafts answers only from owner-approved shipping, ingredients and product-format text.","Escalate medical, pregnancy, interaction and symptom questions; generate no treatment advice.",https://ec.co/takeoff-fall-2026-accelerator-cohort/#c-amara-bitters | https://amara-bitters.com/,HYPOTHESIS_REQUIRES_OWNER_VALIDATION
amara-bitters,Amara Bitters,Healthcare,"A focused alcohol-free product range is supported by a shop, recipes and educational content.",amara-bitters-h3,Would a pick-and-pack checklist reduce avoidable errors across product sizes and bundles?,Owner-confirmed picking errors per fulfilled order,errors/order,UNKNOWN,"Agree eligible work, observation window, quality threshold and exclusions with the owner before comparing.",,,A simple order checklist compares ordered SKUs and quantities with a manually confirmed packed list.,No automatic refunds or order edits; retain every exception for review.,https://ec.co/takeoff-fall-2026-accelerator-cohort/#c-amara-bitters | https://amara-bitters.com/,HYPOTHESIS_REQUIRES_OWNER_VALIDATION
autarko,Autarko,IT / Technology,SOVR's public design pairs customer-owned hardware with human approval and recorded decisions.,autarko-h1,Could a readiness checklist reduce missing information before a hardware-and-role configuration quote?,Quote requests needing a second requirements round,percent,UNKNOWN,"Agree eligible work, observation window, quality threshold and exclusions with the owner before comparing.",,,"An intake validator records approved roles, data sources, access scope and hardware constraints before a human configuration review.",No hardware purchasing or customer-system access.,https://ec.co/takeoff-fall-2026-accelerator-cohort/#c-autarko | https://autarko.ai/,HYPOTHESIS_REQUIRES_OWNER_VALIDATION
autarko,Autarko,IT / Technology,SOVR's public design pairs customer-owned hardware with human approval and recorded decisions.,autarko-h2,Would a source-freshness test help keep policy-based agent drafts tied to the correct document version?,Draft answers correctly citing the owner-approved current policy,percent,UNKNOWN,"Agree eligible work, observation window, quality threshold and exclusions with the owner before comparing.",,,"An offline fixture suite mixes current, superseded and missing policy excerpts and checks citations and abstentions.",Use synthetic policies; no approval or autonomous task execution.,https://ec.co/takeoff-fall-2026-accelerator-cohort/#c-autarko | https://autarko.ai/,HYPOTHESIS_REQUIRES_OWNER_VALIDATION
autarko,Autarko,IT / Technology,SOVR's public design pairs customer-owned hardware with human approval and recorded decisions.,autarko-h3,Could a measured workload comparison identify whether an agent role adds useful work within an agreed resource budget?,Whole-system energy per correctly completed and approved task,Wh/task,UNKNOWN,"Agree eligible work, observation window, quality threshold and exclusions with the owner before comparing.",,,"A measurement worksheet compares the existing process with one SOVR role, retaining quality, elapsed time, overhead and uncertainty separately.","No energy-saving claim from CPU time, token counts or modeled power; qualified measurements are required.",https://ec.co/takeoff-fall-2026-accelerator-cohort/#c-autarko | https://autarko.ai/,HYPOTHESIS_REQUIRES_OWNER_VALIDATION
bagel,Bagel,IT / Technology,Its cohort description centers demonstrable skills in hiring and learning.,bagel-h1,Could a consistent evidence checklist make a submitted skill portfolio easier for a reviewer to inspect?,Reviewer minutes per portfolio with complete supporting evidence,minutes/portfolio,UNKNOWN,"Agree eligible work, observation window, quality threshold and exclusions with the owner before comparing.",,,"A fictional portfolio template links each claimed skill to an artifact, task description and review note.",No automated hiring recommendation or inferred skills.,https://ec.co/takeoff-fall-2026-accelerator-cohort/#c-bagel | https://majo-frontend-s817.vercel.app/,HYPOTHESIS_REQUIRES_OWNER_VALIDATION
bagel,Bagel,IT / Technology,Its cohort description centers demonstrable skills in hiring and learning.,bagel-h2,Would clearer evidence instructions reduce candidate resubmissions caused by incomplete portfolios?,Portfolios returned solely for missing submission fields,percent,UNKNOWN,"Agree eligible work, observation window, quality threshold and exclusions with the owner before comparing.",,,A local completeness preview highlights omitted artifacts or explanations before a person submits them.,Do not alter assessments or help applicants misrepresent their work.,https://ec.co/takeoff-fall-2026-accelerator-cohort/#c-bagel | https://majo-frontend-s817.vercel.app/,HYPOTHESIS_REQUIRES_OWNER_VALIDATION
bagel,Bagel,IT / Technology,Its cohort description centers demonstrable skills in hiring and learning.,bagel-h3,Could role-specific rubrics make human reviews more consistent without hiding disagreement?,Reviewer agreement on explicit rubric items,percent,UNKNOWN,"Agree eligible work, observation window, quality threshold and exclusions with the owner before comparing.",,,A synthetic calibration sheet compares independent reviewer labels and exposes disputed rubric wording.,Keep reviewers in charge; exclude protected traits and avoid candidate ranking.,https://ec.co/takeoff-fall-2026-accelerator-cohort/#c-bagel | https://majo-frontend-s817.vercel.app/,HYPOTHESIS_REQUIRES_OWNER_VALIDATION
buyunrepped,BuyUnrepped,Real Estate,Its published workflow connects offer preparation and transaction coordination while keeping the buyer's decisions explicit.,buyunrepped-h1,Would an intake-completeness check reduce broker time spent chasing missing property or buyer-provided details?,Intakes complete before the broker's first review,percent,UNKNOWN,"Agree eligible work, observation window, quality threshold and exclusions with the owner before comparing.",,,A synthetic transaction checklist validates the presence of owner-selected intake fields and leaves uncertain entries blank.,"No drafting legal terms, deciding offer price or giving representation advice.",https://ec.co/takeoff-fall-2026-accelerator-cohort/#c-buyunrepped | https://www.buyunrepped.com/,HYPOTHESIS_REQUIRES_OWNER_VALIDATION
buyunrepped,BuyUnrepped,Real Estate,Its published workflow connects offer preparation and transaction coordination while keeping the buyer's decisions explicit.,buyunrepped-h2,Could a date-source ledger make transaction reminders easier to verify before they are sent?,Proposed reminders with a confirmed source document and date,percent,UNKNOWN,"Agree eligible work, observation window, quality threshold and exclusions with the owner before comparing.",,,"A review-only deadline table stores the source, date, timezone and confirming person for each milestone.",No automatic legal deadline inference or messages; broker review is mandatory.,https://ec.co/takeoff-fall-2026-accelerator-cohort/#c-buyunrepped | https://www.buyunrepped.com/,HYPOTHESIS_REQUIRES_OWNER_VALIDATION
buyunrepped,BuyUnrepped,Real Estate,Its published workflow connects offer preparation and transaction coordination while keeping the buyer's decisions explicit.,buyunrepped-h3,Would one explicit transaction status reduce repeated administrative updates across participants?,Staff minutes spent answering duplicate status inquiries,minutes/transaction,UNKNOWN,"Agree eligible work, observation window, quality threshold and exclusions with the owner before comparing.",,,"An owner-defined status template distinguishes awaiting information, broker review, offer-ready and coordination stages.",Do not contact counterparties or imply an offer has been submitted or accepted.,https://ec.co/takeoff-fall-2026-accelerator-cohort/#c-buyunrepped | https://www.buyunrepped.com/,HYPOTHESIS_REQUIRES_OWNER_VALIDATION
c3-community-partners-dao-llcmeasures-registry,c3 Community Partners DAO,IT / Technology,"Measures Registry presents an assessment service for the operating conditions around AI, including authority, review, accountability, and stability. Its stated strength is governance of the environment in which AI is used.",c3-community-partners-dao-llcmeasures-registry-h1,Could evidence collection for an assessment be easier to complete and trace?,Assessment items missing a source or accountable owner,percent of items,UNKNOWN,"Start with 10 consecutive eligible tasks, or all tasks in one week; retain exceptions and record the sample size.",100 * items missing a required source or owner / required items,,"A local evidence register with source URL/file reference, observation date, owner, and unresolved question for each assessment item.",A reviewer confirms completeness; missing evidence stays unknown and is never filled with generated facts.,https://measuresregistry.com/ | https://measuresregistry.com/ai-operations-assessment/ | https://ec.co/takeoff-fall-2026-accelerator-cohort/ | https://c3field.online/,HYPOTHESIS_REQUIRES_OWNER_VALIDATION
c3-community-partners-dao-llcmeasures-registry,c3 Community Partners DAO,IT / Technology,"Measures Registry presents an assessment service for the operating conditions around AI, including authority, review, accountability, and stability. Its stated strength is governance of the environment in which AI is used.",c3-community-partners-dao-llcmeasures-registry-h2,Can changes to authority or review responsibilities be detected without repeating the whole assessment?,Reviewer time to classify a recorded operational change,minutes/change,UNKNOWN,"Start with 10 consecutive eligible tasks, or all tasks in one week; retain exceptions and record the sample size.",total reviewer minutes / classified changes,,Diff two owner-approved responsibility registers and show changed fields with before/after values and an affected-review checklist.,"No automatic policy changes, permission grants, or assurance claims; a named owner decides materiality.",https://measuresregistry.com/ | https://measuresregistry.com/ai-operations-assessment/ | https://ec.co/takeoff-fall-2026-accelerator-cohort/ | https://c3field.online/,HYPOTHESIS_REQUIRES_OWNER_VALIDATION
c3-community-partners-dao-llcmeasures-registry,c3 Community Partners DAO,IT / Technology,"Measures Registry presents an assessment service for the operating conditions around AI, including authority, review, accountability, and stability. Its stated strength is governance of the environment in which AI is used.",c3-community-partners-dao-llcmeasures-registry-h3,Could two reviewers reach more consistent decisions using the same assessment rubric?,Disagreement rate on a shared sample,percent of items,UNKNOWN,"Start with 10 consecutive eligible tasks, or all tasks in one week; retain exceptions and record the sample size.",100 * items assigned different categories by two reviewers / double-reviewed items,,"A blinded rubric comparison sheet that preserves both decisions, reasons, and adjudication; optional AI drafts a neutral discrepancy summary.",No invented scoring validity; preserve disagreements rather than forcing agreement or averaging incompatible judgments.,https://measuresregistry.com/ | https://measuresregistry.com/ai-operations-assessment/ | https://ec.co/takeoff-fall-2026-accelerator-cohort/ | https://c3field.online/,HYPOTHESIS_REQUIRES_OWNER_VALIDATION
claridense,Claridense,Healthcare,The cohort describes a focused breast-screening service concept.,claridense-h1,Could a nonclinical inquiry checklist make administrative follow-up more consistent?,Inquiries receiving an owner-approved administrative response within the chosen interval,percent,UNKNOWN,"Agree eligible work, observation window, quality threshold and exclusions with the owner before comparing.",,,"A synthetic inquiry log tracks contact preference, service questions and response ownership without health details.","No eligibility, risk or diagnostic assessment.",https://ec.co/takeoff-fall-2026-accelerator-cohort/#c-claridense | http://www.claridense.com,HYPOTHESIS_REQUIRES_OWNER_VALIDATION
claridense,Claridense,Healthcare,The cohort describes a focused breast-screening service concept.,claridense-h2,Would an appointment-preparation tracker reduce missing administrative prerequisites?,Scheduled test cases with all owner-defined administrative steps confirmed,percent,UNKNOWN,"Agree eligible work, observation window, quality threshold and exclusions with the owner before comparing.",,,A checklist template records appointment confirmation and approved preparation-material delivery using fictional records.,Clinical staff define all preparation instructions; the starter contains no patient data.,https://ec.co/takeoff-fall-2026-accelerator-cohort/#c-claridense | http://www.claridense.com,HYPOTHESIS_REQUIRES_OWNER_VALIDATION
claridense,Claridense,Healthcare,The cohort describes a focused breast-screening service concept.,claridense-h3,Could version tracking keep public descriptions consistent across the website and appointment materials?,Public statements linked to the current owner-approved text,percent,UNKNOWN,"Agree eligible work, observation window, quality threshold and exclusions with the owner before comparing.",,,A copy register compares service descriptions and flags unapproved wording for human review.,"Do not generate or strengthen efficacy, approval or comparative clinical claims.",https://ec.co/takeoff-fall-2026-accelerator-cohort/#c-claridense | http://www.claridense.com,HYPOTHESIS_REQUIRES_OWNER_VALIDATION
clark-wester-corporation,Clark Wester,Financial Services,"The public studio portfolio shows distinct finance, client-systems and media ventures within a connected structure.",clark-wester-corporation-h1,Could a shared inquiry taxonomy make it easier to direct a request to the correct venture?,Inquiries reassigned after initial routing,percent,UNKNOWN,"Agree eligible work, observation window, quality threshold and exclusions with the owner before comparing.",,,A review-only intake map classifies the request type against the studio's published venture descriptions.,Do not infer financial needs or send messages automatically.,https://ec.co/takeoff-fall-2026-accelerator-cohort/#c-clark-wester-corporation | https://clarkwester.com/,HYPOTHESIS_REQUIRES_OWNER_VALIDATION
clark-wester-corporation,Clark Wester,Financial Services,"The public studio portfolio shows distinct finance, client-systems and media ventures within a connected structure.",clark-wester-corporation-h2,Would a common definition sheet make cross-venture reporting easier to reconcile?,Reported metrics with an agreed definition and source,percent,UNKNOWN,"Agree eligible work, observation window, quality threshold and exclusions with the owner before comparing.",,,"A metric dictionary records owner, period, numerator, denominator and source for each selected operational measure.","Do not combine incomparable audiences, revenues or periods.",https://ec.co/takeoff-fall-2026-accelerator-cohort/#c-clark-wester-corporation | https://clarkwester.com/,HYPOTHESIS_REQUIRES_OWNER_VALIDATION
clark-wester-corporation,Clark Wester,Financial Services,"The public studio portfolio shows distinct finance, client-systems and media ventures within a connected structure.",clark-wester-corporation-h3,Could a source-and-approval checklist shorten preparation of reusable executive and media content?,Revision rounds caused by missing sources or approvals,rounds/item,UNKNOWN,"Agree eligible work, observation window, quality threshold and exclusions with the owner before comparing.",,,"A content brief links approved evidence and reuse rights to each planned article, talk or client explanation.","No fabricated citations, investment recommendations or automatic publication.",https://ec.co/takeoff-fall-2026-accelerator-cohort/#c-clark-wester-corporation | https://clarkwester.com/,HYPOTHESIS_REQUIRES_OWNER_VALIDATION
cog-learning-inc,COG Learning,Education,"Its reading product is designed around shared adult-child interaction, with reading logs and prompts.",cog-learning-inc-h1,Could a parent-facing setup checklist make the first shared reading session easier to begin?,Adult testers completing setup without assistance,percent,UNKNOWN,"Agree eligible work, observation window, quality threshold and exclusions with the owner before comparing.",,,"A synthetic onboarding checklist separates account setup, device checks and session-start steps.","No child identifiers, recordings or developmental assessments.",https://ec.co/takeoff-fall-2026-accelerator-cohort/#c-cog-learning-inc | https://www.coglearning.org/,HYPOTHESIS_REQUIRES_OWNER_VALIDATION
cog-learning-inc,COG Learning,Education,"Its reading product is designed around shared adult-child interaction, with reading logs and prompts.",cog-learning-inc-h2,Would a prompt-review worksheet help check that reading questions match the selected text and intended activity?,Owner-reviewed prompts meeting the declared content rubric,percent,UNKNOWN,"Agree eligible work, observation window, quality threshold and exclusions with the owner before comparing.",,,"An offline rubric records source passage, question intent, reading context and reviewer corrections for licensed sample text.",Human educators review all prompts; no claimed literacy improvement.,https://ec.co/takeoff-fall-2026-accelerator-cohort/#c-cog-learning-inc | https://www.coglearning.org/,HYPOTHESIS_REQUIRES_OWNER_VALIDATION
cog-learning-inc,COG Learning,Education,"Its reading product is designed around shared adult-child interaction, with reading logs and prompts.",cog-learning-inc-h3,Could a minimal session log distinguish technical interruptions from voluntary session endings?,Sessions with an interpretable completion or interruption reason,percent,UNKNOWN,"Agree eligible work, observation window, quality threshold and exclusions with the owner before comparing.",,,"A fictional event-log validator checks session start, prompt display, user stop and technical-error ordering.",Do not infer a child's ability or behavior from interaction duration.,https://ec.co/takeoff-fall-2026-accelerator-cohort/#c-cog-learning-inc | https://www.coglearning.org/,HYPOTHESIS_REQUIRES_OWNER_VALIDATION
compounds-dev-inc,Compounds Dev,IT / Technology,"The platform description brings architecture, software delivery and governance into one engineering workflow.",compounds-dev-inc-h1,Could a dependency inventory make a legacy-change review easier to scope before code generation?,Changes with a reviewer-confirmed dependency map before implementation,percent,UNKNOWN,"Agree eligible work, observation window, quality threshold and exclusions with the owner before comparing.",,,"A read-only change brief maps an owner-selected sample repository's files, callers and declared interfaces to the proposed task.",No automatic code changes; unresolved dependencies remain explicit.,https://ec.co/takeoff-fall-2026-accelerator-cohort/#c-compounds-dev-inc | https://compounds.dev/,HYPOTHESIS_REQUIRES_OWNER_VALIDATION
compounds-dev-inc,Compounds Dev,IT / Technology,"The platform description brings architecture, software delivery and governance into one engineering workflow.",compounds-dev-inc-h2,Would consistent evidence in a review packet reduce clarification rounds for AI-assisted changes?,"Review rounds requesting missing tests, rationale or source context",rounds/change,UNKNOWN,"Agree eligible work, observation window, quality threshold and exclusions with the owner before comparing.",,,"A checklist assembles diff scope, test receipts, known limitations and rollback notes from existing artifacts.",Do not treat passing tests as proof of security or overall correctness.,https://ec.co/takeoff-fall-2026-accelerator-cohort/#c-compounds-dev-inc | https://compounds.dev/,HYPOTHESIS_REQUIRES_OWNER_VALIDATION
compounds-dev-inc,Compounds Dev,IT / Technology,"The platform description brings architecture, software delivery and governance into one engineering workflow.",compounds-dev-inc-h3,Could a policy-fixture suite expose when a generated change should abstain or request human review?,Policy scenarios producing the owner-approved decision,percent,UNKNOWN,"Agree eligible work, observation window, quality threshold and exclusions with the owner before comparing.",,,"An offline synthetic suite exercises missing credentials, prohibited dependencies and conflicting requirements against declared rules.",Keep required constraints separate from weighted scores; no bypass or deployment.,https://ec.co/takeoff-fall-2026-accelerator-cohort/#c-compounds-dev-inc | https://compounds.dev/,HYPOTHESIS_REQUIRES_OWNER_VALIDATION
csh-hub,CSH-HUB,Construction,The public product connects construction documents and coordination with job costing and billing.,csh-hub-h1,Could a project-to-cost-code check identify handoff fields that need review before billing preparation?,Approved work items with a valid owner-confirmed cost-code link,percent,UNKNOWN,"Agree eligible work, observation window, quality threshold and exclusions with the owner before comparing.",,,"A synthetic export validator checks project IDs, approved work references and cost-code completeness.","No payroll, billing or accounting system writes.",https://ec.co/takeoff-fall-2026-accelerator-cohort/#c-csh-hub | https://csh-hub.com/,HYPOTHESIS_REQUIRES_OWNER_VALIDATION
csh-hub,CSH-HUB,Construction,The public product connects construction documents and coordination with job costing and billing.,csh-hub-h2,Would an explicit document-version register reduce ambiguity during submittal review?,Review tasks linked to the confirmed current document revision,percent,UNKNOWN,"Agree eligible work, observation window, quality threshold and exclusions with the owner before comparing.",,,"A small manifest compares document IDs, revision labels and approval status while preserving superseded versions.",Do not declare drawings safe or approved; the responsible reviewer confirms status.,https://ec.co/takeoff-fall-2026-accelerator-cohort/#c-csh-hub | https://csh-hub.com/,HYPOTHESIS_REQUIRES_OWNER_VALIDATION
csh-hub,CSH-HUB,Construction,The public product connects construction documents and coordination with job costing and billing.,csh-hub-h3,Could an RFI timeline audit make delayed handoffs easier to explain?,"RFIs with complete sent, assigned and response timestamps",percent,UNKNOWN,"Agree eligible work, observation window, quality threshold and exclusions with the owner before comparing.",,,"A local event checker finds missing owners, impossible event order and elapsed-time outliers in fictional RFI records.",No inferred contractual deadlines or automated notices.,https://ec.co/takeoff-fall-2026-accelerator-cohort/#c-csh-hub | https://csh-hub.com/,HYPOTHESIS_REQUIRES_OWNER_VALIDATION
decrē,DECRĒ,Professional Services,"Its catalog offers in-person coaching, subscriptions and standalone programs through one training brand.",decrē-h1,Could a preference-based intake make the right administrative program information easier to find?,Prospects reaching the owner-approved program information without clarification,percent,UNKNOWN,"Agree eligible work, observation window, quality threshold and exclusions with the owner before comparing.",,,"A program comparison worksheet uses delivery format, schedule and support preferences from the published catalog.","No exercise prescription, health screening or medical suitability judgment.",https://ec.co/takeoff-fall-2026-accelerator-cohort/#c-decrē | https://decretraining.com/,HYPOTHESIS_REQUIRES_OWNER_VALIDATION
decrē,DECRĒ,Professional Services,"Its catalog offers in-person coaching, subscriptions and standalone programs through one training brand.",decrē-h2,Would a session-confirmation checklist reduce avoidable scheduling confusion?,"Sessions with confirmed time, location and cancellation terms",percent,UNKNOWN,"Agree eligible work, observation window, quality threshold and exclusions with the owner before comparing.",,,An editable booking checklist flags missing confirmations and displays owner-approved policy links.,No automatic bookings or cancellation decisions.,https://ec.co/takeoff-fall-2026-accelerator-cohort/#c-decrē | https://decretraining.com/,HYPOTHESIS_REQUIRES_OWNER_VALIDATION
decrē,DECRĒ,Professional Services,"Its catalog offers in-person coaching, subscriptions and standalone programs through one training brand.",decrē-h3,Could a weekly administrative check-in queue reduce manual follow-up preparation?,Coach preparation minutes per completed administrative check-in,minutes/check-in,UNKNOWN,"Agree eligible work, observation window, quality threshold and exclusions with the owner before comparing.",,,A local template groups client-supplied scheduling requests and unanswered program-access questions for coach review.,Exclude health details and exercise changes; all replies are drafts.,https://ec.co/takeoff-fall-2026-accelerator-cohort/#c-decrē | https://decretraining.com/,HYPOTHESIS_REQUIRES_OWNER_VALIDATION
double-r-strategies-and-consulting,Double R Strategies and Consulting,Transportation,Its published services combine organizational consulting and training around community reintegration.,double-r-strategies-and-consulting-h1,Could a partner-handoff checklist make responsibility for each administrative next step clearer?,Program handoffs with a confirmed organizational owner and next step,percent,UNKNOWN,"Agree eligible work, observation window, quality threshold and exclusions with the owner before comparing.",,,"A fictional referral-event table tracks sending organization, receiving organization, acknowledgment and agreed next step.","No criminal-history records, participant ranking or eligibility decisions.",https://ec.co/takeoff-fall-2026-accelerator-cohort/#c-double-r-strategies-and-consulting | https://www.drsac.net/,HYPOTHESIS_REQUIRES_OWNER_VALIDATION
double-r-strategies-and-consulting,Double R Strategies and Consulting,Transportation,Its published services combine organizational consulting and training around community reintegration.,double-r-strategies-and-consulting-h2,Would a training-delivery evidence checklist simplify preparation of a funder or agency report?,Contracted session deliverables with complete approved evidence,percent,UNKNOWN,"Agree eligible work, observation window, quality threshold and exclusions with the owner before comparing.",,,"A template links session dates, aggregate attendance counts and approved materials to owner-entered reporting requirements.","No fabricated attendance, certifications or participant outcomes.",https://ec.co/takeoff-fall-2026-accelerator-cohort/#c-double-r-strategies-and-consulting | https://www.drsac.net/,HYPOTHESIS_REQUIRES_OWNER_VALIDATION
double-r-strategies-and-consulting,Double R Strategies and Consulting,Transportation,Its published services combine organizational consulting and training around community reintegration.,double-r-strategies-and-consulting-h3,Could a consistent engagement brief reduce repeated clarification before a consulting session?,Clarification rounds before an engagement scope is accepted,rounds/engagement,UNKNOWN,"Agree eligible work, observation window, quality threshold and exclusions with the owner before comparing.",,,"A brief builder records organization goals, audience, session format, dependencies and explicit exclusions.",Drafts only; no contract commitments or government representations.,https://ec.co/takeoff-fall-2026-accelerator-cohort/#c-double-r-strategies-and-consulting | https://www.drsac.net/,HYPOTHESIS_REQUIRES_OWNER_VALIDATION
dust-to-dust-llc,Dust to Dust,Professional Services,The cohort describes a focused natural-organic-reduction service concept.,dust-to-dust-llc-h1,Could an approved-information library make early public inquiries easier to answer consistently?,Inquiry drafts answered entirely from approved source text,percent,UNKNOWN,"Agree eligible work, observation window, quality threshold and exclusions with the owner before comparing.",,,"A source-linked FAQ draft template separates the proposed service, current availability and questions requiring the owner's response.","No claims about legal availability, environmental performance or disposition advice.",https://ec.co/takeoff-fall-2026-accelerator-cohort/#c-dust-to-dust-llc | http://www.Dust2Dust.Life,HYPOTHESIS_REQUIRES_OWNER_VALIDATION
dust-to-dust-llc,Dust to Dust,Professional Services,The cohort describes a focused natural-organic-reduction service concept.,dust-to-dust-llc-h2,Would a dependency checklist clarify which readiness items must be resolved before any launch commitment?,Owner-defined launch dependencies with named evidence and responsible person,percent,UNKNOWN,"Agree eligible work, observation window, quality threshold and exclusions with the owner before comparing.",,,"A local readiness map tracks facility, vendor, operating-procedure and authorization questions as unresolved until evidence is supplied.","This is a planning aid, not a permit, legal determination or launch authorization.",https://ec.co/takeoff-fall-2026-accelerator-cohort/#c-dust-to-dust-llc | http://www.Dust2Dust.Life,HYPOTHESIS_REQUIRES_OWNER_VALIDATION
dust-to-dust-llc,Dust to Dust,Professional Services,The cohort describes a focused natural-organic-reduction service concept.,dust-to-dust-llc-h3,Could explicit capacity assumptions help compare possible service designs before investment?,Scenario inputs supported by an owner-provided measurement or clearly labeled assumption,percent,UNKNOWN,"Agree eligible work, observation window, quality threshold and exclusions with the owner before comparing.",,,"A scenario sheet separates intake demand, cycle duration, facility capacity and staffing assumptions without defaulting unknowns to zero.",No purchase advice or claims of achievable throughput; owner specialists must confirm inputs.,https://ec.co/takeoff-fall-2026-accelerator-cohort/#c-dust-to-dust-llc | http://www.Dust2Dust.Life,HYPOTHESIS_REQUIRES_OWNER_VALIDATION
encompass-financial-services-inc,Encompass Financial Services,Financial Services,"The existing practice publishes a concrete bookkeeping workflow, including reconciliation and record continuity checks.",encompass-financial-services-inc-h1,"If the existing practice is in scope, could a statement-completeness grid reduce repeated document requests?",Client-months with all owner-required source statements before preparation,percent,UNKNOWN,"Agree eligible work, observation window, quality threshold and exclusions with the owner before comparing.",,,"A synthetic checklist maps accounts and reporting periods to received-document indicators, without account numbers or balances.",Owner must confirm venture scope; do not collect tax identifiers or real bank documents.,https://ec.co/takeoff-fall-2026-accelerator-cohort/#c-encompass-financial-services-inc | https://encompassfinancialservices.net/ | https://encompassfinancialservices.net/bookkeeping/,HYPOTHESIS_REQUIRES_OWNER_VALIDATION
encompass-financial-services-inc,Encompass Financial Services,Financial Services,"The existing practice publishes a concrete bookkeeping workflow, including reconciliation and record continuity checks.",encompass-financial-services-inc-h2,"If the existing practice is in scope, would an exception-only reconciliation view reduce review effort?",Reviewer minutes per owner-confirmed reconciliation exception,minutes/exception,UNKNOWN,"Agree eligible work, observation window, quality threshold and exclusions with the owner before comparing.",,,"A local synthetic-ledger checker flags missing source references, possible duplicates and unmatched entries for accountant review.","No automatic journal entries, tax classifications or financial advice.",https://ec.co/takeoff-fall-2026-accelerator-cohort/#c-encompass-financial-services-inc | https://encompassfinancialservices.net/ | https://encompassfinancialservices.net/bookkeeping/,HYPOTHESIS_REQUIRES_OWNER_VALIDATION
encompass-financial-services-inc,Encompass Financial Services,Financial Services,"The existing practice publishes a concrete bookkeeping workflow, including reconciliation and record continuity checks.",encompass-financial-services-inc-h3,"If the existing practice is in scope, could report-source links make month-end review easier to reproduce?",Report figures traceable to approved period and source records,percent,UNKNOWN,"Agree eligible work, observation window, quality threshold and exclusions with the owner before comparing.",,,"A report checklist records period boundaries, source versions and reviewer sign-off using fictitious amounts.","No tax filing, payroll execution or assertion that accounts are correct.",https://ec.co/takeoff-fall-2026-accelerator-cohort/#c-encompass-financial-services-inc | https://encompassfinancialservices.net/ | https://encompassfinancialservices.net/bookkeeping/,HYPOTHESIS_REQUIRES_OWNER_VALIDATION
excalis,Excalis,Manufacturing,"Excalis combines CAD design, FDM 3D printing, prototyping, and custom product development. The business's strength is turning a customer's concept into a fabricated object within one design-to-build workflow.",excalis-h1,Could a complete design brief reduce quote revisions caused by missing dimensions or use requirements?,Quote revisions caused by missing approved requirements,revisions/project,UNKNOWN,"Start with 10 consecutive eligible tasks, or all tasks in one week; retain exceptions and record the sample size.",owner-classified missing-requirement revisions / eligible projects,,"A design intake checklist covering dimensions, intended use, material constraints, tolerances, deadline, and approved reference files.",Never infer safety-critical tolerances or material suitability; the designer validates the brief.,https://excalis.co/ | https://ec.co/takeoff-fall-2026-accelerator-cohort/,HYPOTHESIS_REQUIRES_OWNER_VALIDATION
excalis,Excalis,Manufacturing,"Excalis combines CAD design, FDM 3D printing, prototyping, and custom product development. The business's strength is turning a customer's concept into a fabricated object within one design-to-build workflow.",excalis-h2,Can print-cost and energy comparisons preserve the same accepted part quality?,Total electrical energy per accepted conforming part,Wh/accepted part,UNKNOWN,"Start with 10 consecutive eligible tasks, or all tasks in one week; retain exceptions and record the sample size.","metered energy for complete production batch including warmup, failed prints, rework, and auxiliaries / accepted conforming parts",,"A baseline sheet joining existing slicer estimates, measured job time, scrap, metered electricity, and an owner-defined acceptance checklist; compare settings only after the designer accepts equivalence.","No automatic machine control; slicer estimates are not measurements, and faster or lighter prints are not wins if function or quality changes.",https://excalis.co/ | https://ec.co/takeoff-fall-2026-accelerator-cohort/,HYPOTHESIS_REQUIRES_OWNER_VALIDATION
excalis,Excalis,Manufacturing,"Excalis combines CAD design, FDM 3D printing, prototyping, and custom product development. The business's strength is turning a customer's concept into a fabricated object within one design-to-build workflow.",excalis-h3,Could a design-to-production handoff prevent fabrication from an outdated file?,Builds started from an unapproved or outdated revision,percent of builds,UNKNOWN,"Start with 10 consecutive eligible tasks, or all tasks in one week; retain exceptions and record the sample size.",100 * builds with a verified revision mismatch / eligible builds,,"A local job manifest that records approved CAD/export file hashes, material, machine profile, revision, and sign-off before a run.",Do not alter design files or expose customer IP; retain the source file and human approval.,https://excalis.co/ | https://ec.co/takeoff-fall-2026-accelerator-cohort/,HYPOTHESIS_REQUIRES_OWNER_VALIDATION
firma-consulting-group-dba-q-gaas,Firma consulting group,Professional Services,"Its public offering connects marketing, sales leadership and financial/technology operations through one consulting framework.",firma-consulting-group-dba-q-gaas-h1,Could a common assessment summary reduce repeated intake across consulting divisions?,Assessment fields re-entered across approved service handoffs,fields/client,UNKNOWN,"Agree eligible work, observation window, quality threshold and exclusions with the owner before comparing.",,,A structured summary maps owner-approved assessment answers to the relevant division and preserves the original answers.,Use the existing assessment and CRM; do not create an unrelated replacement.,https://ec.co/takeoff-fall-2026-accelerator-cohort/#c-firma-consulting-group-dba-q-gaas | https://firmaconsulting.co/,HYPOTHESIS_REQUIRES_OWNER_VALIDATION
firma-consulting-group-dba-q-gaas,Firma consulting group,Professional Services,"Its public offering connects marketing, sales leadership and financial/technology operations through one consulting framework.",firma-consulting-group-dba-q-gaas-h2,Would a metric-definition checklist make a proposed growth experiment easier to evaluate?,"Experiments with a defined population, baseline and success criterion before launch",percent,UNKNOWN,"Agree eligible work, observation window, quality threshold and exclusions with the owner before comparing.",,,"A one-page experiment brief records channel, audience, denominator, budget assumption and owner-approved stopping rule.",No predicted returns or automatic advertising spend.,https://ec.co/takeoff-fall-2026-accelerator-cohort/#c-firma-consulting-group-dba-q-gaas | https://firmaconsulting.co/,HYPOTHESIS_REQUIRES_OWNER_VALIDATION
firma-consulting-group-dba-q-gaas,Firma consulting group,Professional Services,"Its public offering connects marketing, sales leadership and financial/technology operations through one consulting framework.",firma-consulting-group-dba-q-gaas-h3,Could a deliverable-to-milestone check make a longer implementation plan easier to review?,"Milestones with an owner, prerequisite and acceptance evidence",percent,UNKNOWN,"Agree eligible work, observation window, quality threshold and exclusions with the owner before comparing.",,,A roadmap validator checks the existing plan for missing dependencies and unassigned deliverables.,Do not alter client commitments or publish progress without owner confirmation.,https://ec.co/takeoff-fall-2026-accelerator-cohort/#c-firma-consulting-group-dba-q-gaas | https://firmaconsulting.co/,HYPOTHESIS_REQUIRES_OWNER_VALIDATION
fizzy-mixology,Fizzy Mixology,Food and Beverage,"The cohort describes tailored mobile beverage service for brands, venues and events.",fizzy-mixology-h1,Could a complete event brief reduce back-and-forth before a beverage-service quote?,Event inquiries with complete owner-required brief fields,percent,UNKNOWN,"Agree eligible work, observation window, quality threshold and exclusions with the owner before comparing.",,,"A local event worksheet records guest-count range, service duration, venue facilities and requested beverage formats.","No automatic quote, alcohol-service determination or booking commitment.",https://ec.co/takeoff-fall-2026-accelerator-cohort/#c-fizzy-mixology | http://fizzymixology.com,HYPOTHESIS_REQUIRES_OWNER_VALIDATION
fizzy-mixology,Fizzy Mixology,Food and Beverage,"The cohort describes tailored mobile beverage service for brands, venues and events.",fizzy-mixology-h2,Would an ingredient plan tied to the approved menu make preparation quantities easier to review?,Difference between planned and used ingredient quantities per event,units/event,UNKNOWN,"Agree eligible work, observation window, quality threshold and exclusions with the owner before comparing.",,,"A recipe-scaling worksheet uses owner-entered serving counts and yields, with explicit contingency assumptions.","The operator confirms all food handling, allergens and alcohol-service requirements.",https://ec.co/takeoff-fall-2026-accelerator-cohort/#c-fizzy-mixology | http://fizzymixology.com,HYPOTHESIS_REQUIRES_OWNER_VALIDATION
fizzy-mixology,Fizzy Mixology,Food and Beverage,"The cohort describes tailored mobile beverage service for brands, venues and events.",fizzy-mixology-h3,Could a venue-readiness checklist reduce day-of setup surprises?,"Events with venue access, power, water and equipment requirements confirmed",percent,UNKNOWN,"Agree eligible work, observation window, quality threshold and exclusions with the owner before comparing.",,,"An editable checklist tracks venue confirmations, equipment ownership and setup windows before the event.",No electrical or food-safety certification; unresolved items remain open.,https://ec.co/takeoff-fall-2026-accelerator-cohort/#c-fizzy-mixology | http://fizzymixology.com,HYPOTHESIS_REQUIRES_OWNER_VALIDATION
fox-force,Fox Force,Professional Services,The foundation presents practical women's leadership and mentorship programs informed by service experience.,fox-force-h1,"Could a program-readiness checklist make instructor, venue and participant communications easier to coordinate?",Planned events with all owner-defined readiness items confirmed,percent,UNKNOWN,"Agree eligible work, observation window, quality threshold and exclusions with the owner before comparing.",,,"A fictional event board tracks instructor availability, venue needs, materials and communications ownership.","No tactical instruction, participant risk scoring or automatic communications.",https://ec.co/takeoff-fall-2026-accelerator-cohort/#c-fox-force | https://www.foxforce55.org/,HYPOTHESIS_REQUIRES_OWNER_VALIDATION
fox-force,Fox Force,Professional Services,The foundation presents practical women's leadership and mentorship programs informed by service experience.,fox-force-h2,Would explicit entity tags help keep administrative records routed to the correct organization?,Sample administrative records assigned to an owner-confirmed entity,percent,UNKNOWN,"Agree eligible work, observation window, quality threshold and exclusions with the owner before comparing.",,,A synthetic record template separates foundation and company program ownership and records unresolved allocations.,"No legal, tax or accounting allocation decisions.",https://ec.co/takeoff-fall-2026-accelerator-cohort/#c-fox-force | https://www.foxforce55.org/,HYPOTHESIS_REQUIRES_OWNER_VALIDATION
fox-force,Fox Force,Professional Services,The foundation presents practical women's leadership and mentorship programs informed by service experience.,fox-force-h3,Could an aggregate program-evidence template simplify preparation of partner reports?,Report entries supported by approved attendance and activity records,percent,UNKNOWN,"Agree eligible work, observation window, quality threshold and exclusions with the owner before comparing.",,,"A report worksheet links aggregate participation, delivered sessions and participant-consented feedback to source records.","No invented impact, safety outcomes or fundraising claims; preserve missing feedback.",https://ec.co/takeoff-fall-2026-accelerator-cohort/#c-fox-force | https://www.foxforce55.org/,HYPOTHESIS_REQUIRES_OWNER_VALIDATION
glow-up-sports,Glow Up Sports,Entertainment,"Glow Up Sports brings lights, equipment, staff, and games to mobile glow-in-the-dark events. Its packages define player capacity, play duration, and site requirements.",glow-up-sports-h1,"Do venue darkness, power access, or setup readiness cause last-minute clarification or event delays?",Events requiring a preventable site-readiness correction,percent of events,UNKNOWN,"Start with 10 consecutive eligible tasks, or all tasks in one week; retain exceptions and record the sample size.",100 * events with an owner-classified readiness correction / eligible events,,A pre-event readiness checklist that turns the existing venue instructions into customer-confirmed fields and flags missing answers.,Staff verifies site safety and suitability; preserve power and setup requirements rather than relaxing them.,https://www.playglowupsports.com/ | https://www.playglowupsports.com/packages | https://ec.co/takeoff-fall-2026-accelerator-cohort/,HYPOTHESIS_REQUIRES_OWNER_VALIDATION
glow-up-sports,Glow Up Sports,Entertainment,"Glow Up Sports brings lights, equipment, staff, and games to mobile glow-in-the-dark events. Its packages define player capacity, play duration, and site requirements.",glow-up-sports-h2,Can packing and lighting-configuration planning reduce setup effort while keeping the chosen games and capacity?,Setup labor for a comparable event package,staff-minutes/event,UNKNOWN,"Start with 10 consecutive eligible tasks, or all tasks in one week; retain exceptions and record the sample size.","sum(setup minutes for each staff member), grouped by package and site type",,"A deterministic equipment checklist based on approved package, player count, and game combination; AI only drafts a readable run sheet.","Retain staff sign-off, equipment counts, and the site's published game-configuration restrictions.",https://www.playglowupsports.com/ | https://www.playglowupsports.com/packages | https://ec.co/takeoff-fall-2026-accelerator-cohort/,HYPOTHESIS_REQUIRES_OWNER_VALIDATION
glow-up-sports,Glow Up Sports,Entertainment,"Glow Up Sports brings lights, equipment, staff, and games to mobile glow-in-the-dark events. Its packages define player capacity, play duration, and site requirements.",glow-up-sports-h3,"Can event quotes expose the full travel, labor, consumables, and power cost before a booking is accepted?",Owner-supplied cost coverage in an event estimate,percent of estimates,UNKNOWN,"Start with 10 consecutive eligible tasks, or all tasks in one week; retain exceptions and record the sample size.",100 * estimates containing all required cost categories / sampled estimates,,"An event-cost worksheet with separate staff time, distance, gear, consumables, and generator/facility-power fields; calculate margin only from owner-entered amounts.",No assumed costs or automatic pricing; electricity and fuel stay separate and require measurement before any energy-saving claim.,https://www.playglowupsports.com/ | https://www.playglowupsports.com/packages | https://ec.co/takeoff-fall-2026-accelerator-cohort/,HYPOTHESIS_REQUIRES_OWNER_VALIDATION
govfetchrai-note-change-of-our-official-name-from-application,GovFetchr.AI,IT / Technology,"Its public workflow links government-document processing with searchable, resident-facing information.",govfetchrai-note-change-of-our-official-name-from-application-h1,Could a source-and-version check reduce ambiguity when an ordinance or agenda is replaced?,Published test summaries linked to the current approved source version,percent,UNKNOWN,"Agree eligible work, observation window, quality threshold and exclusions with the owner before comparing.",,,"An offline document manifest distinguishes current, superseded and withdrawn sample documents and tests whether summaries cite them correctly.",Use public or synthetic documents; no autonomous publication or interpretation of legal obligations.,https://ec.co/takeoff-fall-2026-accelerator-cohort/#c-govfetchrai-note-change-of-our-official-name-from-application | https://www.govfetchr.ai/,HYPOTHESIS_REQUIRES_OWNER_VALIDATION
govfetchrai-note-change-of-our-official-name-from-application,GovFetchr.AI,IT / Technology,"Its public workflow links government-document processing with searchable, resident-facing information.",govfetchrai-note-change-of-our-official-name-from-application-h2,Would an exception queue make low-confidence OCR easier for staff to review?,Owner-reviewed fields correctly extracted from a fixed document sample,percent,UNKNOWN,"Agree eligible work, observation window, quality threshold and exclusions with the owner before comparing.",,,"A small benchmark compares extracted dates, titles and agenda items against human-labeled public pages and flags uncertain text.",No invented text; unreadable content must remain unresolved.,https://ec.co/takeoff-fall-2026-accelerator-cohort/#c-govfetchrai-note-change-of-our-official-name-from-application | https://www.govfetchr.ai/,HYPOTHESIS_REQUIRES_OWNER_VALIDATION
govfetchrai-note-change-of-our-official-name-from-application,GovFetchr.AI,IT / Technology,"Its public workflow links government-document processing with searchable, resident-facing information.",govfetchrai-note-change-of-our-official-name-from-application-h3,Could a resident-task checklist reveal navigation steps that need clarification?,Test users completing an owner-selected information-finding task,percent,UNKNOWN,"Agree eligible work, observation window, quality threshold and exclusions with the owner before comparing.",,,"A manual usability worksheet tests a fixed set of public information tasks, including keyboard-only navigation and source access.",Do not claim accessibility compliance from this limited check.,https://ec.co/takeoff-fall-2026-accelerator-cohort/#c-govfetchrai-note-change-of-our-official-name-from-application | https://www.govfetchr.ai/,HYPOTHESIS_REQUIRES_OWNER_VALIDATION
gutless-topical-supplements,Gutless Topical Supplements,Healthcare,"Gutless sells branded topical balms, oils, and serums through its online store. Its existing business assets include a product catalog and educational content; product efficacy and absorption claims were not validated.",gutless-topical-supplements-h1,Could product descriptions stay consistent with an owner-approved evidence and wording register?,Product-copy statements missing an approved source or reviewer,percent of checked statements,UNKNOWN,"Start with 10 consecutive eligible tasks, or all tasks in one week; retain exceptions and record the sample size.",100 * factual product statements lacking required source/review / checked factual statements,,"A SKU-to-approved-copy register with source, version, reviewer, and unresolved questions; AI highlights discrepancies for qualified review.","Do not generate medical, absorption, safety, deficiency, or treatment claims; marketing testimonials are not efficacy evidence.",https://gutlesstopicals.com/ | https://ec.co/takeoff-fall-2026-accelerator-cohort/,HYPOTHESIS_REQUIRES_OWNER_VALIDATION
gutless-topical-supplements,Gutless Topical Supplements,Healthcare,"Gutless sells branded topical balms, oils, and serums through its online store. Its existing business assets include a product catalog and educational content; product efficacy and absorption claims were not validated.",gutless-topical-supplements-h2,Could order preparation catch product or quantity mismatches before shipment?,Owner-confirmed pick/pack discrepancies,discrepancies/100 orders,UNKNOWN,"Start with 10 consecutive eligible tasks, or all tasks in one week; retain exceptions and record the sample size.",100 * verified product or quantity mismatches / sampled fulfilled orders,,"A local order-to-pack checklist using approved SKU identifiers, quantity, and batch fields where those already exist.","No purchase, fulfillment action, or batch-safety decision is automated; protect customer details and preserve actual exceptions.",https://gutlesstopicals.com/ | https://ec.co/takeoff-fall-2026-accelerator-cohort/,HYPOTHESIS_REQUIRES_OWNER_VALIDATION
gutless-topical-supplements,Gutless Topical Supplements,Healthcare,"Gutless sells branded topical balms, oils, and serums through its online store. Its existing business assets include a product catalog and educational content; product efficacy and absorption claims were not validated.",gutless-topical-supplements-h3,Could routine order-support answers be drafted faster from current store policies?,Draft-and-review time for a non-medical support response,minutes/response,UNKNOWN,"Start with 10 consecutive eligible tasks, or all tasks in one week; retain exceptions and record the sample size.",total drafting plus review minutes / approved order-support responses,,"A source-linked helper limited to shipping, returns, order status, and other owner-approved store information.","Escalate health, reaction, and product-use questions to the existing qualified process; no personalized supplement recommendations.",https://gutlesstopicals.com/ | https://ec.co/takeoff-fall-2026-accelerator-cohort/,HYPOTHESIS_REQUIRES_OWNER_VALIDATION
happy-overall,Happy Overall,Retail,Happy Overall presents made-to-order cotton overalls with artist collaborations and distinctive prints. Its current website centers a launch waitlist and personal expression through clothing.,happy-overall-h1,"Can consented waitlist feedback clarify which fit, print, and timing questions need answers before launch?",Qualified waitlist responses with complete preference information,percent of responses,UNKNOWN,"Start with 10 consecutive eligible tasks, or all tasks in one week; retain exceptions and record the sample size.",100 * responses with agreed preference fields complete / consented responses,,"An optional owner-approved preference form and de-identified tally for fit needs, print interest, and expected availability.",Do not turn interest into orders or assumed demand; no automated marketing without the owner's approved audience and consent.,https://happyoverall.com/ | https://ec.co/takeoff-fall-2026-accelerator-cohort/,HYPOTHESIS_REQUIRES_OWNER_VALIDATION
happy-overall,Happy Overall,Retail,Happy Overall presents made-to-order cotton overalls with artist collaborations and distinctive prints. Its current website centers a launch waitlist and personal expression through clothing.,happy-overall-h2,Could clearer fit and care information reduce repeat questions and avoidable order corrections?,Fit/care questions requiring individual staff handling,questions/eligible inquiry,UNKNOWN,"Start with 10 consecutive eligible tasks, or all tasks in one week; retain exceptions and record the sample size.",staff-handled fit/care questions / eligible customer inquiries,,"Draft a product-specific size and care FAQ from approved measurements and instructions, with missing fields flagged.",Never invent garment dimensions or care claims; retain unresolved fit questions for a person.,https://happyoverall.com/ | https://ec.co/takeoff-fall-2026-accelerator-cohort/,HYPOTHESIS_REQUIRES_OWNER_VALIDATION
happy-overall,Happy Overall,Retail,Happy Overall presents made-to-order cotton overalls with artist collaborations and distinctive prints. Its current website centers a launch waitlist and personal expression through clothing.,happy-overall-h3,Can made-to-order production promises be tracked without creating excess inventory commitments?,Accepted orders due by the observation cutoff completed within their confirmed production window,percent of all accepted orders due by cutoff,UNKNOWN,"Include every accepted order due in the frozen observation window; separately report on-time completed, late completed, overdue open, and cancelled orders with reasons. Do not remove failed commitments from the denominator.",100 * accepted orders due by cutoff and completed by their promised date / all accepted orders due by cutoff; report undefined when denominator is zero,Accepted orders with missing or unconfirmed promised dates [orders]; unknown,"A small order-status sheet linking approved order, material availability, production slot, and promised date; hypothetical examples until real orders exist.",Owner controls commitments and artist rights; do not assume current revenue or production capacity from the roster's stage label. Retain overdue and unfinished orders; do not improve the percentage by dropping cancellations or uncompleted orders. Report missing promised dates and do not hide them by excluding those orders from the service review.,https://happyoverall.com/ | https://ec.co/takeoff-fall-2026-accelerator-cohort/,HYPOTHESIS_REQUIRES_OWNER_VALIDATION
holastra,Holastra,Healthcare,The cohort identifies a specific market: administrative automation for skilled nursing facilities.,holastra-h1,Could an administrative task inventory identify one repetitive workflow suitable for a small pilot?,Staff minutes per correctly completed owner-selected administrative task,minutes/task,UNKNOWN,"Agree eligible work, observation window, quality threshold and exclusions with the owner before comparing.",,,"A worksheet records task steps, inputs, handoffs, exceptions and verification using a fictional facility example.","The facility owner defines scope; no resident data, clinical decisions or billable-service changes.",https://ec.co/takeoff-fall-2026-accelerator-cohort/#c-holastra | https://holastra.com/,HYPOTHESIS_REQUIRES_OWNER_VALIDATION
holastra,Holastra,Healthcare,The cohort identifies a specific market: administrative automation for skilled nursing facilities.,holastra-h2,Would a field-level export checklist reduce re-entry when approved administrative systems exchange records?,Required administrative fields transferred without manual correction,percent,UNKNOWN,"Agree eligible work, observation window, quality threshold and exclusions with the owner before comparing.",,,A synthetic schema checker compares owner-approved source and destination field definitions and exposes missing mappings.,No live integrations or assumption that systems allow the transfer.,https://ec.co/takeoff-fall-2026-accelerator-cohort/#c-holastra | https://holastra.com/,HYPOTHESIS_REQUIRES_OWNER_VALIDATION
holastra,Holastra,Healthcare,The cohort identifies a specific market: administrative automation for skilled nursing facilities.,holastra-h3,Could a review queue make uncertain automation outputs easier to resolve before they are used?,Outputs with a recorded verification result before downstream use,percent,UNKNOWN,"Agree eligible work, observation window, quality threshold and exclusions with the owner before comparing.",,,"A mock exception log records source, rule, uncertainty, responsible reviewer and final disposition.","No clinical prioritization, reimbursement coding or unattended workflow execution.",https://ec.co/takeoff-fall-2026-accelerator-cohort/#c-holastra | https://holastra.com/,HYPOTHESIS_REQUIRES_OWNER_VALIDATION
hopeconnect-health,HopeConnect Health,Healthcare,"Its public referral workflow makes matching criteria, readiness and confirmed handoffs visible to coordinators.",hopeconnect-health-h1,Could a referral-event QA check distinguish an actual completed handoff from a missing or out-of-order update?,"Referrals with a valid, fully sourced event sequence",percent,UNKNOWN,"Agree eligible work, observation window, quality threshold and exclusions with the owner before comparing.",,,"A local synthetic-event validator checks allowed transitions, timestamps and explicit completion evidence while retaining unresolved cases.","No PHI, clinical triage or inferred patient attendance; use fictional IDs.",https://ec.co/takeoff-fall-2026-accelerator-cohort/#c-hopeconnect-health | https://hopeconnecthealth.com/ | https://www.hopeconnecthealth.com/solutions/,HYPOTHESIS_REQUIRES_OWNER_VALIDATION
hopeconnect-health,HopeConnect Health,Healthcare,"Its public referral workflow makes matching criteria, readiness and confirmed handoffs visible to coordinators.",hopeconnect-health-h2,Would a freshness register make provider-availability uncertainty easier for coordinators to see?,Provider-availability entries with a confirmed update time within the owner-approved interval,percent,UNKNOWN,"Agree eligible work, observation window, quality threshold and exclusions with the owner before comparing.",,,"A mock availability ledger records source, last confirmation, expiry and unknown status before a human coordinator reviews a match.","Never infer availability, credentials or insurance participation; no automatic referral routing.",https://ec.co/takeoff-fall-2026-accelerator-cohort/#c-hopeconnect-health | https://hopeconnecthealth.com/ | https://www.hopeconnecthealth.com/solutions/,HYPOTHESIS_REQUIRES_OWNER_VALIDATION
hopeconnect-health,HopeConnect Health,Healthcare,"Its public referral workflow makes matching criteria, readiness and confirmed handoffs visible to coordinators.",hopeconnect-health-h3,Could a readiness exception summary reduce repeated requests for administrative information?,Requests repeated for the same owner-defined missing administrative item,requests/referral,UNKNOWN,"Agree eligible work, observation window, quality threshold and exclusions with the owner before comparing.",,,A synthetic checklist summarizes missing information and assigns a reviewer while separating required confirmation from unknown status.,Do not block urgent care or decide consent sufficiency; the starter is nonclinical and contains no patient records.,https://ec.co/takeoff-fall-2026-accelerator-cohort/#c-hopeconnect-health | https://hopeconnecthealth.com/ | https://www.hopeconnecthealth.com/solutions/,HYPOTHESIS_REQUIRES_OWNER_VALIDATION
hot-mess-inc,Hot Mess,Food and Beverage,Hot Mess describes commercial-kitchen fire-safety and maintenance services. The founder's public profile emphasizes commercial-kitchen operating experience.,hot-mess-inc-h1,Could a more complete site brief reduce pre-visit back-and-forth for commercial-kitchen service?,Clarification contacts needed before a visit can be scheduled,contacts/visit,UNKNOWN,"Start with 10 consecutive eligible tasks, or all tasks in one week; retain exceptions and record the sample size.",pre-visit clarification contacts / eligible scheduled visits,,"A structured site intake sheet for access windows, equipment identifiers, available photos, and the owner's requested service scope.","The technician approves the scope; AI cannot certify equipment condition, fire safety, or compliance.",https://ec.co/takeoff-fall-2026-accelerator-cohort/ | https://www.linkedin.com/in/caraschmitzhotmessinc | https://winahotmess.com/ | https://maps.app.goo.gl/EGfwjVBDFdKx5o968,HYPOTHESIS_REQUIRES_OWNER_VALIDATION
hot-mess-inc,Hot Mess,Food and Beverage,Hot Mess describes commercial-kitchen fire-safety and maintenance services. The founder's public profile emphasizes commercial-kitchen operating experience.,hot-mess-inc-h2,Does collecting job photos and notes into a customer service record consume avoidable time?,Time to prepare a complete service record after a visit,minutes/record,UNKNOWN,"Start with 10 consecutive eligible tasks, or all tasks in one week; retain exceptions and record the sample size.",median(record_ready_at - technician_documentation_start_at),,Sort owner-provided photos by job ID and draft a factual work-record template with a checklist of missing evidence.,Preserve original photos and timestamps; a qualified person verifies descriptions and signs any required record.,https://ec.co/takeoff-fall-2026-accelerator-cohort/ | https://www.linkedin.com/in/caraschmitzhotmessinc | https://winahotmess.com/ | https://maps.app.goo.gl/EGfwjVBDFdKx5o968,HYPOTHESIS_REQUIRES_OWNER_VALIDATION
hot-mess-inc,Hot Mess,Food and Beverage,Hot Mess describes commercial-kitchen fire-safety and maintenance services. The founder's public profile emphasizes commercial-kitchen operating experience.,hot-mess-inc-h3,Could recurring service scheduling reduce travel or missed renewal follow-up while keeping service requirements intact?,Travel distance per completed comparable visit,miles/visit,UNKNOWN,"Start with 10 consecutive eligible tasks, or all tasks in one week; retain exceptions and record the sample size.","logged route miles / completed visits, stratified by service area and job type",,A read-only planning sheet that groups owner-approved appointment windows geographically and flags renewal dates for review.,"Do not change required service intervals, dispatch appointments, or treat a route estimate as measured fuel or electrical savings.",https://ec.co/takeoff-fall-2026-accelerator-cohort/ | https://www.linkedin.com/in/caraschmitzhotmessinc | https://winahotmess.com/ | https://maps.app.goo.gl/EGfwjVBDFdKx5o968,HYPOTHESIS_REQUIRES_OWNER_VALIDATION
incourage-enterprises,INcourage Enterprises,Education,"The roster presents a women-focused combination of coaching, education, technology, and community.",incourage-enterprises-h1,Could initial coaching inquiries require repeated clarification before the right program is identified?,Clarification rounds before a staff-approved program match,rounds per inquiry,UNKNOWN,"Count clarification exchanges in an owner-approved, anonymized sample, including inquiries that receive no match.",,,A structured intake form plus a draft summary that maps stated goals to an owner-approved program catalog.,Coach reviews every match; do not infer mental-health conditions or promise business income.,https://ec.co/takeoff-fall-2026-accelerator-cohort/#c-incourage-enterprises | https://www.facebook.com/share/1DCYEsfkUa/?mibextid=wwXIfr,HYPOTHESIS_REQUIRES_OWNER_VALIDATION
incourage-enterprises,INcourage Enterprises,Education,"The roster presents a women-focused combination of coaching, education, technology, and community.",incourage-enterprises-h2,Could participants receive inconsistent versions of course or coaching resources?,Outdated or conflicting resource references,references per reviewed resource set,UNKNOWN,Have the owner identify current approved material and audit links from a bounded sample of lessons.,,,"A searchable, versioned resource index that answers with exact approved-document citations and abstains when no source exists.",Keep coaching judgments with the coach; do not create unsupported instructional or psychological claims.,https://ec.co/takeoff-fall-2026-accelerator-cohort/#c-incourage-enterprises | https://www.facebook.com/share/1DCYEsfkUa/?mibextid=wwXIfr,HYPOTHESIS_REQUIRES_OWNER_VALIDATION
incourage-enterprises,INcourage Enterprises,Education,"The roster presents a women-focused combination of coaching, education, technology, and community.",incourage-enterprises-h3,Could opt-in community follow-ups depend on manual tracking across several channels?,Staff time preparing an approved follow-up batch,minutes per batch,UNKNOWN,Time the current preparation process and count missed or duplicate drafts in the same sample.,,,A checklist that groups consented follow-up tasks and drafts messages for staff review.,No automatic sending or collection of sensitive personal stories; respect opt-out status.,https://ec.co/takeoff-fall-2026-accelerator-cohort/#c-incourage-enterprises | https://www.facebook.com/share/1DCYEsfkUa/?mibextid=wwXIfr,HYPOTHESIS_REQUIRES_OWNER_VALIDATION
itty-bitty-city-at-project-reflect-inc,Itty Bitty City at Project Reflect,Education,Project Reflect publicly connects Itty Bitty City early learning with school-age programs and family resources.,itty-bitty-city-at-project-reflect-inc-h1,Could families need several exchanges to determine which program and application route applies?,Administrative clarification exchanges before routing,exchanges per inquiry,UNKNOWN,"Review an approved sample of deidentified inquiries and record correct program routing, including unresolved cases.",,,An approved-program FAQ and form checklist that drafts routing explanations with source links.,Staff approves eligibility and enrollment; use synthetic examples first and avoid profiling children.,https://ec.co/takeoff-fall-2026-accelerator-cohort/#c-itty-bitty-city-at-project-reflect-inc | https://www.projectreflect.org/,HYPOTHESIS_REQUIRES_OWNER_VALIDATION
itty-bitty-city-at-project-reflect-inc,Itty Bitty City at Project Reflect,Education,Project Reflect publicly connects Itty Bitty City early learning with school-age programs and family resources.,itty-bitty-city-at-project-reflect-inc-h2,"Could capacity, schedules, and waitlist status be difficult to reconcile between program records?",Unreconciled capacity or schedule entries,entries per weekly review,UNKNOWN,"Compare the same dated enrollment, schedule, and capacity snapshots using existing staff rules.",,,A read-only reconciliation sheet that highlights conflicting counts and missing timestamps.,No automatic enrollment decisions or changes to staff-to-child constraints; authorized staff resolves conflicts.,https://ec.co/takeoff-fall-2026-accelerator-cohort/#c-itty-bitty-city-at-project-reflect-inc | https://www.projectreflect.org/,HYPOTHESIS_REQUIRES_OWNER_VALIDATION
itty-bitty-city-at-project-reflect-inc,Itty Bitty City at Project Reflect,Education,Project Reflect publicly connects Itty Bitty City early learning with school-age programs and family resources.,itty-bitty-city-at-project-reflect-inc-h3,Could producing consistent family notices across programs take repeated editing?,Staff editing time per approved family notice,minutes per notice,UNKNOWN,Time drafting and review of the same notice types; record factual and translation corrections separately.,,,"A template assistant using approved dates, program policies, and staff-reviewed translation drafts.",Staff verifies every notice; exclude student identifiers from general-purpose AI tools.,https://ec.co/takeoff-fall-2026-accelerator-cohort/#c-itty-bitty-city-at-project-reflect-inc | https://www.projectreflect.org/,HYPOTHESIS_REQUIRES_OWNER_VALIDATION
learnkairo,LearnKairo,Education,The roster describes a tutor designed around guided reasoning and checks for understanding.,learnkairo-h1,Could tutoring hints reveal the answer too early or fail to follow an educator's intended sequence?,Hints that violate an educator-approved guidance rubric,violations per fixed prompt set,UNKNOWN,"An educator scores existing responses to a frozen set of synthetic tasks, retaining all failures and abstentions.",,,A regression evaluation that checks hint sequencing against a teacher-defined rubric and links flagged examples.,No claim of learning gains; rubric and answer key require educator approval.,https://ec.co/takeoff-fall-2026-accelerator-cohort/#c-learnkairo | https://www.learnkairo.com,HYPOTHESIS_REQUIRES_OWNER_VALIDATION
learnkairo,LearnKairo,Education,The roster describes a tutor designed around guided reasoning and checks for understanding.,learnkairo-h2,Could repeated misunderstanding go unrecognized before a human needs to intervene?,Missed or unnecessary escalation flags on labeled scenarios,flags per scenario set,UNKNOWN,Have educators label synthetic stuck-learner dialogues and score the current escalation policy.,,,A bounded review queue for possible repeated-error patterns with an explanation of the trigger.,"No diagnosis, autonomous grading, or student ability ranking; human review determines support.",https://ec.co/takeoff-fall-2026-accelerator-cohort/#c-learnkairo | https://www.learnkairo.com,HYPOTHESIS_REQUIRES_OWNER_VALIDATION
learnkairo,LearnKairo,Education,The roster describes a tutor designed around guided reasoning and checks for understanding.,learnkairo-h3,Could progress summaries overstate understanding when they rely on incomplete activity logs?,Unsupported statements in a progress summary,statements per reviewed summary,UNKNOWN,Compare summary claims with source events in a synthetic or approved deidentified sample.,,,"A citation-first summary that distinguishes completed activity, observed checks, missing data, and uncertainty.",No inference of mastery from engagement alone; parent or educator review before use.,https://ec.co/takeoff-fall-2026-accelerator-cohort/#c-learnkairo | https://www.learnkairo.com,HYPOTHESIS_REQUIRES_OWNER_VALIDATION
limer,Limer,Food and Beverage,Limer's public presentation has a clear non-sweet lime identity and a channel for product and pop-up updates.,limer-h1,"Could pop-up stock, samples, and returned units require manual reconciliation?",Unexplained unit difference after an event,units per event,UNKNOWN,"Reconcile starting units, sales, samples, damage, and returns for existing event records without imputing missing counts.",,,A small inventory reconciliation sheet with anomaly flags and a documented adjustment log.,Owner approves inventory adjustments; no sales or waste reduction is assumed.,https://ec.co/takeoff-fall-2026-accelerator-cohort/#c-limer | https://www.drinklimer.com/,HYPOTHESIS_REQUIRES_OWNER_VALIDATION
limer,Limer,Food and Beverage,Limer's public presentation has a clear non-sweet lime identity and a channel for product and pop-up updates.,limer-h2,Could retailer or sampling inquiries arrive without the information needed for a useful response?,Clarification steps before an approved wholesale response,steps per inquiry,UNKNOWN,"Review an anonymized sample for quantity, delivery area, timing, and requested product information.",,,A draft wholesale intake checklist and approved-product-information reply assistant.,"No automatic pricing commitments, outbound messages, or retailer orders.",https://ec.co/takeoff-fall-2026-accelerator-cohort/#c-limer | https://www.drinklimer.com/,HYPOTHESIS_REQUIRES_OWNER_VALIDATION
limer,Limer,Food and Beverage,Limer's public presentation has a clear non-sweet lime identity and a channel for product and pop-up updates.,limer-h3,"Could packaging, retail sheets, and website copy drift from the approved product facts?",Fact mismatches across approved product surfaces,mismatches per review,UNKNOWN,"Owner defines the current product fact sheet, then compares a fixed set of labels and descriptions.",,,"A document comparison tool that flags ingredient, size, storage, or wording differences for review.",Do not infer hydration or health efficacy; only owner-approved product facts enter drafts.,https://ec.co/takeoff-fall-2026-accelerator-cohort/#c-limer | https://www.drinklimer.com/,HYPOTHESIS_REQUIRES_OWNER_VALIDATION
lode-labs,Lode Labs,IT / Technology,The public page identifies a commercial-real-estate calculator; broader underwriting and routing scope comes from the roster.,lode-labs-h1,"Could deal inputs mix units, time periods, or omitted assumptions before a calculation is run?",Input validation failures on a fixed deal-fixture set,failures per fixture set,UNKNOWN,"Define valid synthetic fixtures and expected results; test current behavior for missing units, inconsistent periods, and signed values.",,,A deterministic input validator with an AI-assisted draft explanation that points to the exact rejected field.,"No investment, credit, or valuation recommendation; calculation definitions require owner approval.",https://ec.co/takeoff-fall-2026-accelerator-cohort/#c-lode-labs | http://lodelabs.app | https://www.lodelabs.app/,HYPOTHESIS_REQUIRES_OWNER_VALIDATION
lode-labs,Lode Labs,IT / Technology,The public page identifies a commercial-real-estate calculator; broader underwriting and routing scope comes from the roster.,lode-labs-h2,Could incomplete or duplicated submissions make lead routing ambiguous?,Unresolved routing conflicts,conflicts per reviewed submission batch,UNKNOWN,Use synthetic or approved deidentified submissions and compare current routing with an owner-labeled reference.,,,A read-only duplicate and required-field checker that proposes routes with reasons and confidence gaps.,Human approves routing; do not infer creditworthiness or contact leads automatically.,https://ec.co/takeoff-fall-2026-accelerator-cohort/#c-lode-labs | http://lodelabs.app | https://www.lodelabs.app/,HYPOTHESIS_REQUIRES_OWNER_VALIDATION
lode-labs,Lode Labs,IT / Technology,The public page identifies a commercial-real-estate calculator; broader underwriting and routing scope comes from the roster.,lode-labs-h3,Could changing calculator assumptions make two saved results difficult to reproduce?,Saved calculations without reconstructible versioned inputs,calculations per audit sample,UNKNOWN,"Attempt to replay a fixed sample with recorded formula version, inputs, and rounding rules.",,,"A compact calculation receipt binding input values, formula version, and deterministic output.","Receipt proves reconstruction only, not economic validity or returns.",https://ec.co/takeoff-fall-2026-accelerator-cohort/#c-lode-labs | http://lodelabs.app | https://www.lodelabs.app/,HYPOTHESIS_REQUIRES_OWNER_VALIDATION
lumencore,LumenCore,IT / Technology,LumenCore organizes evidence so technical reviewers can compare a candidate with an agreed baseline and inspect the limitations.,lumencore-h1,Can a new reviewer reach the relevant source and reproduce the stated decision with fewer clarification rounds?,Time to independently reproduced decision among successful reviewer attempts,minutes/review,UNKNOWN,"Freeze all eligible reviewer attempts and cutoff. Record success, failure and unfinished status, including the reason and age; time-to-success is conditional and never substitutes for completion rate.",,"Successful independent reproduction among all eligible reviewer attempts [percent of attempts]; unknown; Failed and unfinished reviewer attempts, reported separately [attempts]; unknown","An evidence-navigation checklist records the exact source, command, expected output and unresolved question.",A successful hash check is custody evidence; independent reproduction and customer value require separate receipts. Retain every failed and unfinished review; no speed improvement claim if completion or decision correctness worsens.,https://ec.co/takeoff-fall-2026-accelerator-cohort/#c-lumencore | https://lumen-core.ai/,HYPOTHESIS_REQUIRES_OWNER_VALIDATION
lumencore,LumenCore,IT / Technology,LumenCore organizes evidence so technical reviewers can compare a candidate with an agreed baseline and inspect the limitations.,lumencore-h2,Would a frozen baseline prevent package revisions from creating inconsistent performance claims?,Unsupported or mismatched claims found per review,claims/review,UNKNOWN,"Freeze eligible work, observation window and acceptance criteria with the owner; retain incomplete work and exceptions.",,,"A claim-to-source worksheet checks workload, comparator, evaluation date and exclusions before sharing.","Retain adverse results; never turn internal tests into savings, agency approval or business traction.",https://ec.co/takeoff-fall-2026-accelerator-cohort/#c-lumencore | https://lumen-core.ai/,HYPOTHESIS_REQUIRES_OWNER_VALIDATION
lumencore,LumenCore,IT / Technology,LumenCore organizes evidence so technical reviewers can compare a candidate with an agreed baseline and inspect the limitations.,lumencore-h3,Which first owner-approved workload can measure whole-system energy for equivalent delivered work?,Whole-system energy per accepted useful output,Wh/accepted unit,UNKNOWN,"Freeze eligible work, observation window and acceptance criteria with the owner; retain incomplete work and exceptions.",,,"An experiment worksheet captures total energy, overhead, workload completeness and a quality threshold.","No savings claim without qualified measurements, equivalent service and uncertainty; do not add overlapping component savings.",https://ec.co/takeoff-fall-2026-accelerator-cohort/#c-lumencore | https://lumen-core.ai/,HYPOTHESIS_REQUIRES_OWNER_VALIDATION
maaven,Maaven,Hospitality,Maaven presents a personalized celebration service with a visible path from inquiry through planning and delivery.,maaven-h1,Could important preferences or exclusions be scattered across early planning conversations?,Required brief fields needing later clarification,fields per approved brief,UNKNOWN,Audit existing anonymized briefs against a planner-approved checklist and count late corrections.,,,"A draft event brief that organizes provided preferences, accessibility needs, timing, and budget limits without filling unknowns.",Planner and client confirm the brief; avoid sensitive inferences or invented preferences.,https://ec.co/takeoff-fall-2026-accelerator-cohort/#c-maaven | http://maaven.co | https://www.maaven.co/,HYPOTHESIS_REQUIRES_OWNER_VALIDATION
maaven,Maaven,Hospitality,Maaven presents a personalized celebration service with a visible path from inquiry through planning and delivery.,maaven-h2,Could vendor quotes be hard to compare when their inclusions and timing differ?,Time to produce an approved like-for-like quote comparison,minutes per comparison,UNKNOWN,Time current comparisons and count missing terms using the same sanitized quote set.,,,An extraction tool that places quote terms in a comparison table and links each cell to its source.,"No bookings, purchases, negotiations, or commitments; planner verifies every extracted term.",https://ec.co/takeoff-fall-2026-accelerator-cohort/#c-maaven | http://maaven.co | https://www.maaven.co/,HYPOTHESIS_REQUIRES_OWNER_VALIDATION
maaven,Maaven,Hospitality,Maaven presents a personalized celebration service with a visible path from inquiry through planning and delivery.,maaven-h3,Could schedule changes fail to reach every dependent task in an event plan?,Unresolved dependent tasks after a plan revision,tasks per revision,UNKNOWN,Replay a small set of historical or synthetic changes against the existing checklist.,,,A dependency-aware checklist that flags affected tasks and drafts a revised run-of-show.,Planner owns the final schedule; tool does not message vendors or change reservations.,https://ec.co/takeoff-fall-2026-accelerator-cohort/#c-maaven | http://maaven.co | https://www.maaven.co/,HYPOTHESIS_REQUIRES_OWNER_VALIDATION
margaret-ray-interiors,Margaret Ray Interiors,Professional Services,"The studio publicly emphasizes inclusive design and sensory preferences, offering a clear basis for client-centered design briefs.",margaret-ray-interiors-h1,Could room constraints and client-stated sensory preferences become difficult to trace across design revisions?,Approved brief requirements without a traceable design response,requirements per room review,UNKNOWN,Designer maps each explicit requirement to the current plan and counts missing or disputed links.,,,A requirement-to-design matrix that links client-approved preferences to drawings and proposed selections.,No medical diagnosis or treatment claims; record stated preferences without inferring a condition.,https://ec.co/takeoff-fall-2026-accelerator-cohort/#c-margaret-ray-interiors | https://margaretrayinteriors.com/,HYPOTHESIS_REQUIRES_OWNER_VALIDATION
margaret-ray-interiors,Margaret Ray Interiors,Professional Services,"The studio publicly emphasizes inclusive design and sensory preferences, offering a clear basis for client-centered design briefs.",margaret-ray-interiors-h2,"Could product substitutions change an important lighting, material, or dimensional requirement?",Unreviewed specification differences in substitutions,differences per proposed substitution,UNKNOWN,Compare existing substitutions with the designer's approved specification using the same product documents.,,,A source-linked specification comparison that flags missing dimensions and changed attributes.,Designer verifies suitability; no automatic procurement or claims of sensory or clinical benefit.,https://ec.co/takeoff-fall-2026-accelerator-cohort/#c-margaret-ray-interiors | https://margaretrayinteriors.com/,HYPOTHESIS_REQUIRES_OWNER_VALIDATION
margaret-ray-interiors,Margaret Ray Interiors,Professional Services,"The studio publicly emphasizes inclusive design and sensory preferences, offering a clear basis for client-centered design briefs.",margaret-ray-interiors-h3,"Could drawings, procurement lists, and client approvals refer to different revisions?",Revision mismatches at an approval checkpoint,mismatches per project checkpoint,UNKNOWN,Check a bounded set of approved project artifacts against a designer-selected revision register.,,,A revision register and document-difference summary that surfaces conflicting versions.,Keep final design and purchasing authority with the designer and client.,https://ec.co/takeoff-fall-2026-accelerator-cohort/#c-margaret-ray-interiors | https://margaretrayinteriors.com/,HYPOTHESIS_REQUIRES_OWNER_VALIDATION
moneybot,MoneyBot,Education,"MoneyBot publicly combines short financial-literacy lessons, practice activities, and teacher-facing class tools.",moneybot-h1,Could a lesson or quiz change leave its standard mapping or answer explanation out of sync?,Curriculum items with unresolved mapping or answer-key discrepancies,items per reviewed module,UNKNOWN,"Educators compare a frozen module against the approved curriculum, rubric, and deterministic answer key.",,,A versioned curriculum checker that flags changed dependencies and cites the relevant source material.,Educators validate mappings; no claim of standards compliance or learning efficacy from this review.,https://ec.co/takeoff-fall-2026-accelerator-cohort/#c-moneybot | https://getmoneybot.com/,HYPOTHESIS_REQUIRES_OWNER_VALIDATION
moneybot,MoneyBot,Education,"MoneyBot publicly combines short financial-literacy lessons, practice activities, and teacher-facing class tools.",moneybot-h2,Could AI-guided money examples produce inconsistent arithmetic or omit necessary assumptions?,Incorrect or assumption-incomplete responses on synthetic exercises,responses per fixed exercise set,UNKNOWN,Run the same teacher-approved fictional budgeting exercises through the existing workflow and score against exact answers.,,,A deterministic arithmetic checker and assumptions checklist around draft educational explanations.,"Use fictional examples only; no personalized financial, investment, or credit advice.",https://ec.co/takeoff-fall-2026-accelerator-cohort/#c-moneybot | https://getmoneybot.com/,HYPOTHESIS_REQUIRES_OWNER_VALIDATION
moneybot,MoneyBot,Education,"MoneyBot publicly combines short financial-literacy lessons, practice activities, and teacher-facing class tools.",moneybot-h3,Could teacher summaries confuse missing activity data with low completion or understanding?,Summary claims unsupported by available activity events,claims per reviewed class summary,UNKNOWN,Compare synthetic class-event logs with existing summaries; track missing-data handling and rubric errors separately.,,,A source-linked class summary that explicitly distinguishes missing records from observed activity.,No autonomous grading or student ranking; use deidentified or synthetic data under educator control.,https://ec.co/takeoff-fall-2026-accelerator-cohort/#c-moneybot | https://getmoneybot.com/,HYPOTHESIS_REQUIRES_OWNER_VALIDATION
music-utility-network-mun-a-venture-of-the-last-company,Music Utility Network (MUN),Entertainment,The roster describes self-service music agreement workflows across several industry use cases.,music-utility-network-mun-a-venture-of-the-last-company-h1,Could users choose an agreement workflow before the relevant transaction facts are clear?,Intake cases requiring manual reclassification,cases per reviewed intake set,UNKNOWN,Use fictional scenarios labeled by an authorized contract professional and score the current intake flow.,,,A factual intake checklist that presents candidate workflow categories and asks for missing information.,No legal advice or determination that an agreement is suitable; authorized professional approves.,https://ec.co/takeoff-fall-2026-accelerator-cohort/#c-music-utility-network-mun-a-venture-of-the-last-company | https://munglobal.netlify.app/,HYPOTHESIS_REQUIRES_OWNER_VALIDATION
music-utility-network-mun-a-venture-of-the-last-company,Music Utility Network (MUN),Entertainment,The roster describes self-service music agreement workflows across several industry use cases.,music-utility-network-mun-a-venture-of-the-last-company-h2,Could missing fields or obsolete template versions be overlooked before review?,Incomplete or outdated drafts reaching professional review,drafts per review batch,UNKNOWN,"Inspect a fixed synthetic set for required fields, version identifiers, and conflicting names or dates.",,,A deterministic template completeness checker with source-linked explanations of flagged fields.,"Do not assess fairness, enforceability, ownership, or legal compliance; no signing or submission.",https://ec.co/takeoff-fall-2026-accelerator-cohort/#c-music-utility-network-mun-a-venture-of-the-last-company | https://munglobal.netlify.app/,HYPOTHESIS_REQUIRES_OWNER_VALIDATION
music-utility-network-mun-a-venture-of-the-last-company,Music Utility Network (MUN),Entertainment,The roster describes self-service music agreement workflows across several industry use cases.,music-utility-network-mun-a-venture-of-the-last-company-h3,Could contributors have difficulty seeing which documents or approvals remain outstanding?,Status discrepancies between the checklist and source documents,discrepancies per project review,UNKNOWN,Reconcile a fictional rights-document packet with the current administrative status tracker.,,,A read-only document-status table that links each status to a dated receipt or marks it unknown.,Never infer rights clearance from missing evidence; no outreach or contractual action.,https://ec.co/takeoff-fall-2026-accelerator-cohort/#c-music-utility-network-mun-a-venture-of-the-last-company | https://munglobal.netlify.app/,HYPOTHESIS_REQUIRES_OWNER_VALIDATION
obviecare,Obviecare,Healthcare,The roster centers Obviecare on collaboration between referral professionals and senior living communities.,obviecare-h1,Could administrative referral packets arrive with missing nonclinical fields or unclear ownership?,Missing required administrative fields at handoff,fields per synthetic referral packet,UNKNOWN,Staff define the administrative checklist and score a fixed deidentified or synthetic sample without clinical inference.,,,A completeness checker that names missing fields and the responsible review role.,"No clinical triage, diagnosis, placement selection, or exposure of patient data to unapproved tools.",https://ec.co/takeoff-fall-2026-accelerator-cohort/#c-obviecare | https://www.obviecare.com,HYPOTHESIS_REQUIRES_OWNER_VALIDATION
obviecare,Obviecare,Healthcare,The roster centers Obviecare on collaboration between referral professionals and senior living communities.,obviecare-h2,Could community availability records be difficult to assess because their timestamps are unclear?,Availability entries without an interpretable update timestamp,entries per snapshot,UNKNOWN,"Review an authorized availability snapshot for source, update time, and owner-defined expiry rules.",,,A freshness view that marks stale or unknown entries and drafts an internal verification task.,Do not infer bed availability or suitability; staff verifies directly before any decision.,https://ec.co/takeoff-fall-2026-accelerator-cohort/#c-obviecare | https://www.obviecare.com,HYPOTHESIS_REQUIRES_OWNER_VALIDATION
obviecare,Obviecare,Healthcare,The roster centers Obviecare on collaboration between referral professionals and senior living communities.,obviecare-h3,Could a referral handoff lack a clear acknowledgement or next administrative owner?,Handoffs without a documented acknowledgement,handoffs per reviewed sample,UNKNOWN,"Compare authorized handoff events with recorded acknowledgements, keeping unresolved cases visible.",,,A read-only status tracker with missing-acknowledgement flags and source links.,Human coordinators retain decisions and communications; no autonomous patient contact.,https://ec.co/takeoff-fall-2026-accelerator-cohort/#c-obviecare | https://www.obviecare.com,HYPOTHESIS_REQUIRES_OWNER_VALIDATION
paragon-parcels,Paragon Parcels,Real Estate,Paragon Parcels describes commercial-property sourcing and acquisition analysis using appraisal-oriented market research. Its public cohort description also mentions investor syndications.,paragon-parcels-h1,Could preparing a property research packet take less time while preserving traceable source dates?,Time to prepare a source-complete property packet,minutes/property,UNKNOWN,"Start with 10 consecutive eligible tasks, or all tasks in one week; retain exceptions and record the sample size.",total preparation and source-verification minutes / accepted packets,,"A public-source research checklist and document index for parcel facts, comparable data, and dated assumptions; AI drafts a summary with citations.",Do not present an automated value as an appraisal; retain conflicting records and licensed-data restrictions.,https://ec.co/takeoff-fall-2026-accelerator-cohort/ | https://paragonparcels.com/,HYPOTHESIS_REQUIRES_OWNER_VALIDATION
paragon-parcels,Paragon Parcels,Real Estate,Paragon Parcels describes commercial-property sourcing and acquisition analysis using appraisal-oriented market research. Its public cohort description also mentions investor syndications.,paragon-parcels-h2,Would explicit units and assumption versions reduce spreadsheet review corrections?,"Material formula, unit, or assumption corrections found in a review",corrections/model,UNKNOWN,"Start with 10 consecutive eligible tasks, or all tasks in one week; retain exceptions and record the sample size.",reviewer-confirmed corrections / reviewed models,,"A read-only spreadsheet intake checklist that records units, periods, source dates, debt assumptions, and scenario labels before human review.","No automatic purchase, investment advice, syndication solicitation, or claimed return; a qualified owner reviews the full model.",https://ec.co/takeoff-fall-2026-accelerator-cohort/ | https://paragonparcels.com/,HYPOTHESIS_REQUIRES_OWNER_VALIDATION
paragon-parcels,Paragon Parcels,Real Estate,Paragon Parcels describes commercial-property sourcing and acquisition analysis using appraisal-oriented market research. Its public cohort description also mentions investor syndications.,paragon-parcels-h3,Could due-diligence requests be closed with fewer searches across document versions?,Time to locate the current evidence for a due-diligence request,minutes/request,UNKNOWN,"Start with 10 consecutive eligible tasks, or all tasks in one week; retain exceptions and record the sample size.",total retrieval and verification minutes / completed requests,,"A local diligence index with document version, requested item, accountable owner, and status; draft missing-item reminders for review.",Do not distribute investor information or private documents; unresolved legal and transaction questions remain with the responsible professional.,https://ec.co/takeoff-fall-2026-accelerator-cohort/ | https://paragonparcels.com/,HYPOTHESIS_REQUIRES_OWNER_VALIDATION
petrarch-strategy,Petrarch Strategy,Healthcare,"Petrarch Strategy specializes in B2B healthcare marketing and go-to-market work. Its existing services include commercial assessment, buying-group research, sales enablement, and measurement systems owned by clients.",petrarch-strategy-h1,Could research evidence be reused across an engagement without losing its source or context?,Time to assemble a source-checked buying-group brief,minutes/brief,UNKNOWN,"Start with 10 consecutive eligible tasks, or all tasks in one week; retain exceptions and record the sample size.","total research, drafting, and source-review minutes / accepted briefs",,Index owner-approved public research and redacted interview notes; draft a brief with a source reference beside each factual statement.,Keep contradictory evidence and distinguish source facts from interpretation; no invented interviews or buying roles.,https://www.petrarchstrategy.com/ | https://www.petrarchstrategy.com/services | https://ec.co/takeoff-fall-2026-accelerator-cohort/,HYPOTHESIS_REQUIRES_OWNER_VALIDATION
petrarch-strategy,Petrarch Strategy,Healthcare,"Petrarch Strategy specializes in B2B healthcare marketing and go-to-market work. Its existing services include commercial assessment, buying-group research, sales enablement, and measurement systems owned by clients.",petrarch-strategy-h2,Do differing client funnel definitions make reporting unnecessarily slow to reconcile?,Reporting records needing manual definition reconciliation,percent of records,UNKNOWN,"Start with 10 consecutive eligible tasks, or all tasks in one week; retain exceptions and record the sample size.",100 * records with unresolved stage or metric mapping / sampled records,,A client-owned metric dictionary and CSV mapping validator that flags incompatible definitions before a report is generated.,"Do not manufacture attribution, substitute proxy activity for revenue, or silently merge unlike stages.",https://www.petrarchstrategy.com/ | https://www.petrarchstrategy.com/services | https://ec.co/takeoff-fall-2026-accelerator-cohort/,HYPOTHESIS_REQUIRES_OWNER_VALIDATION
petrarch-strategy,Petrarch Strategy,Healthcare,"Petrarch Strategy specializes in B2B healthcare marketing and go-to-market work. Its existing services include commercial assessment, buying-group research, sales enablement, and measurement systems owned by clients.",petrarch-strategy-h3,Could a client operate delivered marketing systems with fewer clarification requests after handoff?,Client support contacts during the first agreed handoff period,contacts/accepted handoff,UNKNOWN,"Start with 10 consecutive eligible tasks, or all tasks in one week; retain exceptions and record the sample size.",relevant support contacts / accepted handoffs within a fixed owner-selected period,,"Generate a draft operating guide and acceptance checklist from the actual configuration and approved decisions, with links to client-owned assets.","Client validates access, ownership, and task completion; no claim of autonomous readiness until a real handoff test passes.",https://www.petrarchstrategy.com/ | https://www.petrarchstrategy.com/services | https://ec.co/takeoff-fall-2026-accelerator-cohort/,HYPOTHESIS_REQUIRES_OWNER_VALIDATION
proworx-blackhawk-catalyst-technology-consulting-llc,ProWorx,IT / Technology,"ProWorx connects requests, estimates, scheduling, job work, payments, and reviews for owner-operators and small service teams. Its existing strength is a simple end-to-end operating workflow with onboarding support.",proworx-blackhawk-catalyst-technology-consulting-llc-h1,Could first-job setup become faster without increasing configuration mistakes?,Time to first correctly configured job among completed onboarding attempts,minutes,UNKNOWN,"Freeze all eligible onboarding starts and cutoff. Report completed, failed, abandoned and unresolved counts and rates for the same cohort; latency is conditional on completed attempts. Retain unresolved age and zero-completion cases.",median(first_job_ready_at - onboarding_started_at),"Onboarding attempts completed within the owner-agreed target among all eligible starts [percent of eligible starts]; unknown; Failed, abandoned and unresolved attempts, reported separately [attempts]; unknown","A local checklist and sample-data import validator that highlights missing service, estimate, tax, and payment configuration for an operator to confirm.",Keep a first-job completion checklist and count corrections; do not infer legal or tax settings. A lower success-conditional time does not pass if completion or configuration accuracy deteriorates.,https://proworx.io/ | https://proworx.io/product.html | https://ec.co/takeoff-fall-2026-accelerator-cohort/,HYPOTHESIS_REQUIRES_OWNER_VALIDATION
proworx-blackhawk-catalyst-technology-consulting-llc,ProWorx,IT / Technology,"ProWorx connects requests, estimates, scheduling, job work, payments, and reviews for owner-operators and small service teams. Its existing strength is a simple end-to-end operating workflow with onboarding support.",proworx-blackhawk-catalyst-technology-consulting-llc-h2,Which request fields still cause repeat clarification after the existing structured intake?,Clarification rounds before an estimate can be prepared,rounds/request,UNKNOWN,"Start with 10 consecutive eligible tasks, or all tasks in one week; retain exceptions and record the sample size.",total clarification rounds / eligible estimate requests,,"Classify owner-approved, redacted request examples into missing-detail categories and suggest one targeted intake improvement per common category.","Never invent job measurements, scope, customer intent, or a price; compare estimate correction rate.",https://proworx.io/ | https://proworx.io/product.html | https://ec.co/takeoff-fall-2026-accelerator-cohort/,HYPOTHESIS_REQUIRES_OWNER_VALIDATION
proworx-blackhawk-catalyst-technology-consulting-llc,ProWorx,IT / Technology,"ProWorx connects requests, estimates, scheduling, job work, payments, and reviews for owner-operators and small service teams. Its existing strength is a simple end-to-end operating workflow with onboarding support.",proworx-blackhawk-catalyst-technology-consulting-llc-h3,Can staff resolve invoice-to-payment mismatches with less manual searching?,Manual reconciliation effort per invoice with a mismatch,minutes/exception,UNKNOWN,"Start with 10 consecutive eligible tasks, or all tasks in one week; retain exceptions and record the sample size.",total staff minutes on mismatch resolution / resolved mismatch invoices,,Compare exported invoice and payment records by existing IDs and produce an exception list with row references; draft follow-up text for owner review.,"No payment action or customer message is sent; preserve partial payments, refunds, and duplicates as distinct exceptions.",https://proworx.io/ | https://proworx.io/product.html | https://ec.co/takeoff-fall-2026-accelerator-cohort/,HYPOTHESIS_REQUIRES_OWNER_VALIDATION
prsnt,PRSNT,Retail,PRSNT presents a focused direct-to-consumer brand with visible product information and subscription purchase paths.,prsnt-h1,"Could product facts diverge between labels, product pages, and support answers?",Conflicting factual product statements,statements per approved content audit,UNKNOWN,Compare current surfaces against an owner-approved label and fact sheet; record uncertain or unsupported statements.,,,A source-linked content comparison that flags differences and drafts neutral corrections for review.,"Do not generate health efficacy, dosage, safety, or regulatory claims; qualified owner review is required.",https://ec.co/takeoff-fall-2026-accelerator-cohort/#c-prsnt | https://liveprsnt.com/,HYPOTHESIS_REQUIRES_OWNER_VALIDATION
prsnt,PRSNT,Retail,PRSNT presents a focused direct-to-consumer brand with visible product information and subscription purchase paths.,prsnt-h2,Could subscription support questions require repeated lookup of current terms?,Time to draft an accurate subscription-policy response,minutes per response,UNKNOWN,"Use fictional support cases and the current approved terms, recording errors and missing-policy abstentions.",,,A retrieval-only FAQ assistant that cites the exact applicable policy and prepares a staff-reviewed draft.,"No account access, cancellation, charge, refund, or automatic sending.",https://ec.co/takeoff-fall-2026-accelerator-cohort/#c-prsnt | https://liveprsnt.com/,HYPOTHESIS_REQUIRES_OWNER_VALIDATION
prsnt,PRSNT,Retail,PRSNT presents a focused direct-to-consumer brand with visible product information and subscription purchase paths.,prsnt-h3,Could inventory decisions be difficult when subscription demand and one-time orders are recorded differently?,Unreconciled order units across sales channels,units per reporting period,UNKNOWN,"Compare authorized aggregate orders, subscription schedules, and inventory records for one fixed period.",,,A read-only unit reconciliation and scenario worksheet that labels assumptions and missing data.,"No automatic reorder, demand guarantee, or projected savings claim; owner approves operational decisions.",https://ec.co/takeoff-fall-2026-accelerator-cohort/#c-prsnt | https://liveprsnt.com/,HYPOTHESIS_REQUIRES_OWNER_VALIDATION
ptln,PTLN,IT / Technology,The roster presents an integrated business workspace with an AI assistant.,ptln-h1,"Could shared customers, projects, or invoices be represented inconsistently across modules?",Unresolved cross-module entity conflicts,conflicts per fixed fixture set,UNKNOWN,Define synthetic records and owner-approved matching rules; inspect the current read-only joins and conflict handling.,,,A schema and entity reconciliation check that flags duplicates without merging records automatically.,Preserve source records and manual review; no assumption that consolidation reduces costs.,https://ec.co/takeoff-fall-2026-accelerator-cohort/#c-ptln | https://patlan-os.com,HYPOTHESIS_REQUIRES_OWNER_VALIDATION
ptln,PTLN,IT / Technology,The roster presents an integrated business workspace with an AI assistant.,ptln-h2,Could an AI assistant propose a business action without clearly showing its scope or required permission?,Proposed actions with incomplete previews or authorization context,actions per scenario set,UNKNOWN,"Use synthetic scenarios to review target, change, prerequisites, and abstention behavior against owner rules.",,,A read-only action preview and permission checklist evaluated before any future execution capability.,"No autonomous payment, message, account change, or other actuation; human controls remain authoritative.",https://ec.co/takeoff-fall-2026-accelerator-cohort/#c-ptln | https://patlan-os.com,HYPOTHESIS_REQUIRES_OWNER_VALIDATION
ptln,PTLN,IT / Technology,The roster presents an integrated business workspace with an AI assistant.,ptln-h3,Could importing data from existing tools omit fields or obscure reversible migration steps?,Import discrepancies or unreconstructible mappings,discrepancies per fixture import review,UNKNOWN,"Compare source and mapped synthetic records with an approved field map, including null and duplicate cases.",,,"A dry-run migration report that records field mappings, counts, exceptions, and rollback prerequisites.",No production migration or deletion; inspect output before any separately authorized import.,https://ec.co/takeoff-fall-2026-accelerator-cohort/#c-ptln | https://patlan-os.com,HYPOTHESIS_REQUIRES_OWNER_VALIDATION
public-speaking-presentation-pros-academy,Public Speaking & Presentation Pros & Academy,Professional Services,The roster describes an instruction-led public speaking and presentation training business.,public-speaking-presentation-pros-academy-h1,"Could participants' audience, occasion, and speaking constraints require repeated clarification before a lesson plan is prepared?",Clarification rounds before an approved coaching brief,rounds per brief,UNKNOWN,Review anonymized intake examples against the instructor's required brief fields.,,,A structured speaking brief and draft lesson outline using instructor-approved exercises.,"Instructor approves the plan; do not infer personality, disability, or psychological traits.",https://ec.co/takeoff-fall-2026-accelerator-cohort/#c-public-speaking-presentation-pros-academy | https://www.linkedin.com/in/lizwoolpublicspeakingpresentations/,HYPOTHESIS_REQUIRES_OWNER_VALIDATION
public-speaking-presentation-pros-academy,Public Speaking & Presentation Pros & Academy,Professional Services,The roster describes an instruction-led public speaking and presentation training business.,public-speaking-presentation-pros-academy-h2,Could rehearsal feedback vary because the evaluation criteria are not explicit in each review?,Feedback items that cannot be linked to an approved rubric,items per rehearsal review,UNKNOWN,Have the instructor score consented or synthetic practice samples and audit feedback against the same rubric.,,,A transcript-based feedback draft citing exact passages and instructor-defined criteria.,Speaker consents to recording; instructor verifies feedback; no career or confidence outcome claim.,https://ec.co/takeoff-fall-2026-accelerator-cohort/#c-public-speaking-presentation-pros-academy | https://www.linkedin.com/in/lizwoolpublicspeakingpresentations/,HYPOTHESIS_REQUIRES_OWNER_VALIDATION
public-speaking-presentation-pros-academy,Public Speaking & Presentation Pros & Academy,Professional Services,The roster describes an instruction-led public speaking and presentation training business.,public-speaking-presentation-pros-academy-h3,Could participants miss the appropriate practice resource after a session?,Assigned resources without a traceable delivery or acknowledgement record,resources per session sample,UNKNOWN,"Inspect an approved administrative sample for assigned resource, correct version, and recorded delivery status.",,,A lesson-to-resource checklist with opt-in follow-up drafts and current links.,No automatic sending or retention of sensitive rehearsal content.,https://ec.co/takeoff-fall-2026-accelerator-cohort/#c-public-speaking-presentation-pros-academy | https://www.linkedin.com/in/lizwoolpublicspeakingpresentations/,HYPOTHESIS_REQUIRES_OWNER_VALIDATION
recovery-matters,Recovery Matters,Healthcare,"Recovery Matters publicly emphasizes continuity after discharge and describes paths for individuals, programs, and institutions.",recovery-matters-h1,Could an administrative transition checklist lack a clear consent record or receiving owner?,Administrative handoffs missing a required consent or owner field,handoffs per synthetic review set,UNKNOWN,Qualified staff define administrative requirements and score fictional transition packets.,,,A read-only checklist that surfaces missing documentation and routes a draft task to the appropriate staff role.,"No clinical triage, treatment recommendation, or inference of consent; use synthetic data initially.",https://ec.co/takeoff-fall-2026-accelerator-cohort/#c-recovery-matters | https://recoverymatters.care/,HYPOTHESIS_REQUIRES_OWNER_VALIDATION
recovery-matters,Recovery Matters,Healthcare,"Recovery Matters publicly emphasizes continuity after discharge and describes paths for individuals, programs, and institutions.",recovery-matters-h2,Could planned follow-ups lack a documented completion or human acknowledgement?,Scheduled administrative follow-ups with unknown status,items per review period,UNKNOWN,"Use authorized aggregate or synthetic schedule events and retain missed, declined, and unknown statuses separately.",,,"A status reconciliation view that distinguishes planned, acknowledged, completed, declined, and unknown entries.",Clinicians or authorized staff determine any contact; no automated patient outreach or clinical escalation.,https://ec.co/takeoff-fall-2026-accelerator-cohort/#c-recovery-matters | https://recoverymatters.care/,HYPOTHESIS_REQUIRES_OWNER_VALIDATION
recovery-matters,Recovery Matters,Healthcare,"Recovery Matters publicly emphasizes continuity after discharge and describes paths for individuals, programs, and institutions.",recovery-matters-h3,Could staff use different versions of approved support resources or administrative protocols?,Outdated resource references in a bounded document audit,references per audited set,UNKNOWN,The responsible professional names current approved versions; compare staff-facing links and templates.,,,"A permission-controlled resource index with version and source citations, abstaining when no approved resource exists.","No new medical guidance, diagnosis, or claims of recovery effectiveness.",https://ec.co/takeoff-fall-2026-accelerator-cohort/#c-recovery-matters | https://recoverymatters.care/,HYPOTHESIS_REQUIRES_OWNER_VALIDATION
remedy-haus,Remedy Haus,Other,"Remedy Haus presents a connected service set spanning brand strategy, content production, community work, and reporting.",remedy-haus-h1,Could campaign briefs arrive with missing brand assets or unclear approval ownership?,Clarification exchanges before a brief is production-ready,exchanges per brief,UNKNOWN,Audit an owner-approved anonymized sample using the team's production-ready checklist.,,,An intake assistant that checks required assets and drafts an explicit approval map.,Creative lead verifies the brief; no invented brand facts or client endorsements.,https://ec.co/takeoff-fall-2026-accelerator-cohort/#c-remedy-haus | https://www.remedy.haus/ | https://remedy.haus/,HYPOTHESIS_REQUIRES_OWNER_VALIDATION
remedy-haus,Remedy Haus,Other,"Remedy Haus presents a connected service set spanning brand strategy, content production, community work, and reporting.",remedy-haus-h2,Could health-related marketing copy contain claims whose approval or source is unclear?,Claims lacking an approved source and named reviewer,claims per content batch,UNKNOWN,"Compare a fixed content sample with client-approved claim guidance and source material, retaining disputed items.",,,A claim-to-source register that flags missing support and drafts neutral alternatives.,No medical efficacy or compliance certification; qualified client reviewers approve all health-related content.,https://ec.co/takeoff-fall-2026-accelerator-cohort/#c-remedy-haus | https://www.remedy.haus/ | https://remedy.haus/,HYPOTHESIS_REQUIRES_OWNER_VALIDATION
remedy-haus,Remedy Haus,Other,"Remedy Haus presents a connected service set spanning brand strategy, content production, community work, and reporting.",remedy-haus-h3,Could reporting compare incompatible date windows or campaign naming conventions?,Reporting rows with unresolved period or identifier mismatches,rows per reporting cycle,UNKNOWN,Reconcile the same approved aggregate exports using fixed date windows and campaign definitions.,,,A deterministic report checker with an AI-written explanation that cites exact flagged rows.,"No causal attribution, revenue lift, or campaign changes inferred from correlations.",https://ec.co/takeoff-fall-2026-accelerator-cohort/#c-remedy-haus | https://www.remedy.haus/ | https://remedy.haus/,HYPOTHESIS_REQUIRES_OWNER_VALIDATION
renuiam,Renuiam,Retail,The roster describes a digital wellness platform concept focused on service access.,renuiam-h1,"If a service catalog is being developed, could location, availability, and logistical requirements become inconsistent?",Catalog entries missing an owner-verified logistics field,entries per proposed catalog review,UNKNOWN,Define a synthetic catalog and required administrative fields before assuming a live service workflow exists.,,,A catalog completeness and freshness checker with draft questions for the service owner.,Do not imply services are live or clinically appropriate; no diagnosis or wellness-plan recommendation.,https://ec.co/takeoff-fall-2026-accelerator-cohort/#c-renuiam | https://renuiam.com,HYPOTHESIS_REQUIRES_OWNER_VALIDATION
renuiam,Renuiam,Retail,The roster describes a digital wellness platform concept focused on service access.,renuiam-h2,"If providers are listed, could the provenance and review date of administrative documents be difficult to track?",Provider records without a traceable document source or review date,records per synthetic audit set,UNKNOWN,Use fictional records and an owner-defined administrative checklist; mark verification status unknown without a receipt.,,,"A document-status register that links source, date, reviewer, and next administrative check.","This does not verify credentials, licensing, clinical quality, or regulatory compliance.",https://ec.co/takeoff-fall-2026-accelerator-cohort/#c-renuiam | https://renuiam.com,HYPOTHESIS_REQUIRES_OWNER_VALIDATION
renuiam,Renuiam,Retail,The roster describes a digital wellness platform concept focused on service access.,renuiam-h3,"If appointments are coordinated, could booking changes be hard to reconcile across participants?",Unresolved booking-status conflicts,conflicts per synthetic scheduling set,UNKNOWN,"Test fictional booking, cancellation, and reschedule events against explicit state-transition rules.",,,A read-only scheduling reconciliation report with staff-reviewed notification drafts.,"No booking changes, messages, or clinical prioritization; do not collect health histories for this test.",https://ec.co/takeoff-fall-2026-accelerator-cohort/#c-renuiam | https://renuiam.com,HYPOTHESIS_REQUIRES_OWNER_VALIDATION
scoreboardz-inc,Scoreboardz,Other,Scoreboardz describes an agency-facing view connecting advertising leads with downstream client funnel stages.,scoreboardz-inc-h1,Could one lead appear multiple times or fail to link across an ad source and the client funnel?,Unresolved duplicate or unmatched lead records,records per fixed reconciliation batch,UNKNOWN,Use synthetic or client-authorized deidentified exports with an agency-labeled matching reference.,,,A read-only identity reconciliation report that explains likely matches and keeps ambiguous pairs separate.,"No automatic merging, ad changes, or causal claims about campaign results.",https://ec.co/takeoff-fall-2026-accelerator-cohort/#c-scoreboardz-inc | https://scoreboardz.ai/agencies,HYPOTHESIS_REQUIRES_OWNER_VALIDATION
scoreboardz-inc,Scoreboardz,Other,Scoreboardz describes an agency-facing view connecting advertising leads with downstream client funnel stages.,scoreboardz-inc-h2,"Could booked, won, and collected amounts refer to different dates or definitions?",Stage totals that cannot be reconciled under explicit definitions,totals per client-period review,UNKNOWN,"Freeze one authorized reporting period, define each stage, and reconcile events without treating booked amounts as cash.",,,A deterministic stage and period audit with source-linked exceptions and unknown amounts retained.,"Do not infer revenue, cash collection, or value from missing evidence; human approves definitions.",https://ec.co/takeoff-fall-2026-accelerator-cohort/#c-scoreboardz-inc | https://scoreboardz.ai/agencies,HYPOTHESIS_REQUIRES_OWNER_VALIDATION
scoreboardz-inc,Scoreboardz,Other,Scoreboardz describes an agency-facing view connecting advertising leads with downstream client funnel stages.,scoreboardz-inc-h3,Could alerts prioritize apparent changes caused by incomplete data rather than an actionable workflow issue?,False or unverifiable alerts in a labeled review set,alerts per review period,UNKNOWN,"Agency reviewers label a frozen alert set with complete, late, and missing data scenarios and record missed issues too.",,,"A data-quality-aware alert explanation that shows source completeness, comparison window, and abstention reason.",No automatic campaign-budget or account action; no retention or profit improvement claim.,https://ec.co/takeoff-fall-2026-accelerator-cohort/#c-scoreboardz-inc | https://scoreboardz.ai/agencies,HYPOTHESIS_REQUIRES_OWNER_VALIDATION
smr-pet-services,SMR PET SERVICES,Other,"SMR combines pet care, matching and training around the needs of pets and their guardians.",smr-pet-services-h1,Could compatible visits be grouped to reduce travel without shortening care or breaking appointment windows?,Travel time per completed visit,minutes/visit,UNKNOWN,"Freeze eligible work, observation window and acceptance criteria with the owner; retain incomplete work and exceptions.",,,Compare the current visit sequence with owner-approved area groupings using anonymous visit IDs.,Keep every care commitment and animal-handling constraint; the owner approves any schedule change.,https://ec.co/takeoff-fall-2026-accelerator-cohort/#c-smr-pet-services | https://www.smrpetservices.com/,HYPOTHESIS_REQUIRES_OWNER_VALIDATION
smr-pet-services,SMR PET SERVICES,Other,"SMR combines pet care, matching and training around the needs of pets and their guardians.",smr-pet-services-h2,"Which missing intake details cause repeat clarification before a concierge, matching or training appointment?",Clarification rounds before a complete intake,rounds/intake,UNKNOWN,"Freeze eligible work, observation window and acceptance criteria with the owner; retain incomplete work and exceptions.",,,A service-specific completeness checklist distinguishes required care facts from optional preferences.,Do not infer veterinary conditions or pet suitability from a short form; qualified staff make care decisions.,https://ec.co/takeoff-fall-2026-accelerator-cohort/#c-smr-pet-services | https://www.smrpetservices.com/,HYPOTHESIS_REQUIRES_OWNER_VALIDATION
smr-pet-services,SMR PET SERVICES,Other,"SMR combines pet care, matching and training around the needs of pets and their guardians.",smr-pet-services-h3,Could a consistent after-session summary reduce repeated instructions while preserving individual training plans?,Staff time preparing an approved session follow-up,minutes/session,UNKNOWN,"Freeze eligible work, observation window and acceptance criteria with the owner; retain incomplete work and exceptions.",,,Organize trainer-approved notes and next-step checklists by anonymous session ID.,Use only trainer-approved content and consented communication; measure correction rate alongside time.,https://ec.co/takeoff-fall-2026-accelerator-cohort/#c-smr-pet-services | https://www.smrpetservices.com/,HYPOTHESIS_REQUIRES_OWNER_VALIDATION
specinate,SpeciNate,Social Enterprise / Nonprofit,SpeciNate connects wildlife needs with supporters and emphasizes a visible record after a need is funded.,specinate-h1,Which missing fields most often delay a necessity listing from being ready for steward review?,Time from draft necessity to approved listing,hours/listing,UNKNOWN,"Freeze eligible work, observation window and acceptance criteria with the owner; retain incomplete work and exceptions.",,,"A necessity-readiness checklist links each requested item to a purpose, budget source and owner review.","A completed checklist does not verify a steward, charity status or tax deductibility.",https://ec.co/takeoff-fall-2026-accelerator-cohort/#c-specinate | https://www.specinate.com/,HYPOTHESIS_REQUIRES_OWNER_VALIDATION
specinate,SpeciNate,Social Enterprise / Nonprofit,SpeciNate connects wildlife needs with supporters and emphasizes a visible record after a need is funded.,specinate-h2,"Could an exception view reduce effort reconciling pledges, cleared funds, refunds and a necessity's displayed status?",Staff reconciliation effort per funding exception,minutes/exception,UNKNOWN,"Freeze eligible work, observation window and acceptance criteria with the owner; retain incomplete work and exceptions.",,,Match authorized export rows by necessity and transaction IDs and retain every unmatched row.,"No payment action, inferred receipt or automatic donation claim; distinguish pending from cleared funds.",https://ec.co/takeoff-fall-2026-accelerator-cohort/#c-specinate | https://www.specinate.com/,HYPOTHESIS_REQUIRES_OWNER_VALIDATION
specinate,SpeciNate,Social Enterprise / Nonprofit,SpeciNate connects wildlife needs with supporters and emphasizes a visible record after a need is funded.,specinate-h3,Would an explicit update owner and due date improve follow-through after a necessity is funded?,Funded necessities awaiting an owner-approved update beyond the target,necessities/window,UNKNOWN,"Freeze eligible work, observation window and acceptance criteria with the owner; retain incomplete work and exceptions.",,,An update checklist ties each funded necessity to an approved evidence link and draft supporter note.,"Do not fabricate delivery evidence, animal outcomes or donor stories; send only with consent and approval.",https://ec.co/takeoff-fall-2026-accelerator-cohort/#c-specinate | https://www.specinate.com/,HYPOTHESIS_REQUIRES_OWNER_VALIDATION
spilburg-solutions,Spilburg Solutions,Professional Services,Spilburg Solutions focuses on operational diagnosis and documentation so businesses can make routine work repeatable.,spilburg-solutions-h1,Could reviewing a client's existing procedures take less time if each claimed step links to its current document and owner?,Review effort per source-complete process map,minutes/process,UNKNOWN,"Agree eligible work, observation window, quality threshold and exclusions with the owner before comparing.",Total mapping and verification minutes divided by accepted process maps.,,"A small evidence index pairing each process step with its source document, responsible role, and unresolved question; AI may draft a map from approved redacted material.",Preserve conflicting procedures and missing evidence; the consultant validates the map before it represents current operations.,https://ec.co/takeoff-fall-2026-accelerator-cohort/#c-spilburg-solutions | https://www.linkedin.com/in/heather-spilburg | https://heatherspilburg.com,HYPOTHESIS_REQUIRES_OWNER_VALIDATION
spilburg-solutions,Spilburg Solutions,Professional Services,Spilburg Solutions focuses on operational diagnosis and documentation so businesses can make routine work repeatable.,spilburg-solutions-h2,"Which handoffs still depend on asking one particular person, even after a procedure has been documented?",Handoffs requiring an unplanned clarification,percent of handoffs,UNKNOWN,"Agree eligible work, observation window, quality threshold and exclusions with the owner before comparing.",100 times handoffs requiring an extra clarification divided by sampled eligible handoffs.,,"A handoff rehearsal sheet recording the intended receiver, required input, acceptance check, and the question that stopped completion.",Do not monitor or rank employees; measure the process with consent and preserve necessary professional judgment.,https://ec.co/takeoff-fall-2026-accelerator-cohort/#c-spilburg-solutions | https://www.linkedin.com/in/heather-spilburg | https://heatherspilburg.com,HYPOTHESIS_REQUIRES_OWNER_VALIDATION
spilburg-solutions,Spilburg Solutions,Professional Services,Spilburg Solutions focuses on operational diagnosis and documentation so businesses can make routine work repeatable.,spilburg-solutions-h3,Can an operational change reduce total effort once maintenance and exception handling are included?,Total staff effort per accepted task,minutes/accepted task,UNKNOWN,"Agree eligible work, observation window, quality threshold and exclusions with the owner before comparing.","Routine execution, exception handling, review, and allocated procedure-maintenance minutes divided by accepted tasks.",,"A before-and-after worksheet for one agreed workflow, with equivalent task categories and a correction log.",A faster incomplete task is not an improvement; do not convert minutes into money without owner-supplied costs or claim causal savings from an uncontrolled comparison.,https://ec.co/takeoff-fall-2026-accelerator-cohort/#c-spilburg-solutions | https://www.linkedin.com/in/heather-spilburg | https://heatherspilburg.com,HYPOTHESIS_REQUIRES_OWNER_VALIDATION
starra-llc,STARRA,Professional Services,"STARRA describes a business focused on developing digital products, with AI central to its approach.",starra-llc-h1,Could each active product idea be tied to one specific user task and a recorded piece of customer evidence?,Active ideas with an explicit user task and supporting evidence,percent of active ideas,UNKNOWN,"Agree eligible work, observation window, quality threshold and exclusions with the owner before comparing.",100 times active ideas with the agreed fields complete divided by all active ideas.,,"A product decision sheet that records intended user, job to be done, evidence source, next uncertainty, and the owner's next decision.","Do not invent a product, customer interview, demand, or revenue; fewer active ideas is not automatically success.",https://ec.co/takeoff-fall-2026-accelerator-cohort/#c-starra-llc | https://starra.llc | https://nstagram.com/classicwilliams,HYPOTHESIS_REQUIRES_OWNER_VALIDATION
starra-llc,STARRA,Professional Services,"STARRA describes a business focused on developing digital products, with AI central to its approach.",starra-llc-h2,"For an existing product, can its operating effort and vendor spend be related to completed, accepted user tasks?",Owner-recorded operating cost per accepted user task,USD/accepted task,UNKNOWN,"Agree eligible work, observation window, quality threshold and exclusions with the owner before comparing.",Verified attributable vendor and labor costs divided by accepted tasks during the same period.,,"A spreadsheet joining owner-supplied bills and task counts for one product, with shared costs and missing allocations shown separately.","Do not estimate margins from unknown bills, omit failed/repeated tasks, or treat dollar cost as energy consumption.",https://ec.co/takeoff-fall-2026-accelerator-cohort/#c-starra-llc | https://starra.llc | https://nstagram.com/classicwilliams,HYPOTHESIS_REQUIRES_OWNER_VALIDATION
starra-llc,STARRA,Professional Services,"STARRA describes a business focused on developing digital products, with AI central to its approach.",starra-llc-h3,Could product feedback lead to clearer decisions if every report identifies the affected product and version?,"Feedback items linked to product, version, and an owner decision",percent of feedback items,UNKNOWN,"Agree eligible work, observation window, quality threshold and exclusions with the owner before comparing.",100 times feedback items with all agreed references divided by sampled feedback.,,"A local feedback register that groups duplicates while preserving original reports, affected version, evidence, and disposition.",Use consented or synthetic examples; no automatic product changes and no invented user impact.,https://ec.co/takeoff-fall-2026-accelerator-cohort/#c-starra-llc | https://starra.llc | https://nstagram.com/classicwilliams,HYPOTHESIS_REQUIRES_OWNER_VALIDATION
tarapy-inc,Tarapy,Other,Tarapy's stated concept combines media and guided experiences to support people through major life transitions.,tarapy-inc-h1,Could clearer descriptions help a prospective participant understand what a particular resource or experience offers?,Clarification questions before a participant can make an informed choice,questions/inquiry,UNKNOWN,"Agree eligible work, observation window, quality threshold and exclusions with the owner before comparing.",Total scope or logistics clarification questions divided by eligible voluntary inquiries.,,"An owner-reviewed offering sheet covering purpose, format, duration, facilitator role, accessibility information, and what is included.","Do not infer someone's mental health, life event, or suitability; descriptions must match a real owner-confirmed offering.",https://ec.co/takeoff-fall-2026-accelerator-cohort/#c-tarapy-inc | http://www.tarapy.org,HYPOTHESIS_REQUIRES_OWNER_VALIDATION
tarapy-inc,Tarapy,Other,Tarapy's stated concept combines media and guided experiences to support people through major life transitions.,tarapy-inc-h2,"If guided events or travel experiences are offered, can required logistics be confirmed earlier?",Required logistics items confirmed by the agreed readiness date,percent of required items,UNKNOWN,"Agree eligible work, observation window, quality threshold and exclusions with the owner before comparing.","100 times confirmed venue, schedule, supplier, and accessibility items divided by required items.",,"A participant-free readiness checklist with source links, responsible owner, last verification date, and unresolved questions.","No booking, payment, promised availability, or professional safety determination; an organizer verifies arrangements.",https://ec.co/takeoff-fall-2026-accelerator-cohort/#c-tarapy-inc | http://www.tarapy.org,HYPOTHESIS_REQUIRES_OWNER_VALIDATION
tarapy-inc,Tarapy,Other,Tarapy's stated concept combines media and guided experiences to support people through major life transitions.,tarapy-inc-h3,Could voluntary participant feedback be summarized without exposing sensitive personal stories?,Review effort per approved anonymous feedback summary,minutes/summary,UNKNOWN,"Agree eligible work, observation window, quality threshold and exclusions with the owner before comparing.","Total de-identification, synthesis, and review minutes divided by accepted summaries.",,"A local topic tally from consented, redacted feedback that retains contradictory views and links themes to anonymized source IDs.","No diagnosis, therapy claims, fabricated testimonials, or individual vulnerability profiles; keep small identifiable groups out of summaries.",https://ec.co/takeoff-fall-2026-accelerator-cohort/#c-tarapy-inc | http://www.tarapy.org,HYPOTHESIS_REQUIRES_OWNER_VALIDATION
the-37208,The 37208,Professional Services,The 37208 describes a community-focused social enterprise with an empowerment mission.,the-37208-h1,Could a partner tell from one short description what help The 37208 provides and how to take the next step?,Clarification questions needed to identify the appropriate next step,questions/partner inquiry,UNKNOWN,"Agree eligible work, observation window, quality threshold and exclusions with the owner before comparing.",Total offering-scope clarification questions divided by eligible partner inquiries.,,"A founder-authored service card for one real initiative: intended participant, concrete activity, delivery format, contact role, and eligibility questions.","The owner must first identify an actual offering; do not manufacture programs, benefits, eligibility, or partnerships.",https://ec.co/takeoff-fall-2026-accelerator-cohort/#c-the-37208 | https://www.the37208.com,HYPOTHESIS_REQUIRES_OWNER_VALIDATION
the-37208,The 37208,Professional Services,The 37208 describes a community-focused social enterprise with an empowerment mission.,the-37208-h2,"When a request crosses community partners, could a named owner and acceptance check reduce lost handoffs?",Eligible accepted requests acknowledged by their agreed target and due by the cutoff,percent of all eligible accepted requests due by cutoff,UNKNOWN,"Freeze target and eligible accepted request cohort. Keep unacknowledged, cancelled and missing-target requests visible with reasons; report open age. Report latency among acknowledged requests separately.",100 * requests acknowledged by their agreed target / all eligible accepted requests whose acknowledgement target is due by the cutoff; undefined when denominator is zero,Unacknowledged requests [requests]; unknown; Age of each unacknowledged request [hours/request]; unknown; Time to acknowledgment among acknowledged requests [hours]; unknown,"A consented handoff log using anonymous request IDs, responsible roles, agreed next steps, and completion acknowledgments.","No disclosure of sensitive community-member details, eligibility ranking, or automated referrals; participating organizations control acceptance. Never discard an unacknowledged request to improve latency or completion; retain the entire accepted workload.",https://ec.co/takeoff-fall-2026-accelerator-cohort/#c-the-37208 | https://www.the37208.com,HYPOTHESIS_REQUIRES_OWNER_VALIDATION
the-37208,The 37208,Professional Services,The 37208 describes a community-focused social enterprise with an empowerment mission.,the-37208-h3,Could completed activities be documented consistently enough to support an honest impact report?,Reported activities with verifiable completion evidence,percent of reported activities,UNKNOWN,"Agree eligible work, observation window, quality threshold and exclusions with the owner before comparing.","100 times reported activities with date, scope, and source evidence divided by reported activities.",,"A small evidence ledger separating activities performed, participants reached, and any separately measured outcomes.",Attendance or activity counts do not prove improved lives or economic impact; keep estimates and unverified outcomes labeled.,https://ec.co/takeoff-fall-2026-accelerator-cohort/#c-the-37208 | https://www.the37208.com,HYPOTHESIS_REQUIRES_OWNER_VALIDATION
the-designery-nashville-south,The Designery Nashville South,Other,"The Designery Nashville South combines kitchen, bath, and closet product selection with delivery and installation coordination. Its location page covers cabinets, counters, flooring, tile, and related products.",the-designery-nashville-south-h1,Could consultation requests arrive with enough project details and the correct appointment expectations?,Consultations needing avoidable scheduling or brief clarification,percent of consultations,UNKNOWN,"Agree eligible work, observation window, quality threshold and exclusions with the owner before comparing.",100 times consultations requiring an owner-classified clarification divided by sampled consultations.,,"A draft confirmation checklist for appointment policy, room type, available measurements, desired materials, and project timing.","Local staff must resolve the published appointment-policy inconsistency; do not promise walk-in availability, prices, or dates.",https://ec.co/takeoff-fall-2026-accelerator-cohort/#c-the-designery-nashville-south | https://thedesignery.com/locations/nashville-south/ | https://thedesignery.com/locations/nashville-south/products/appliances/,HYPOTHESIS_REQUIRES_OWNER_VALIDATION
the-designery-nashville-south,The Designery Nashville South,Other,"The Designery Nashville South combines kitchen, bath, and closet product selection with delivery and installation coordination. Its location page covers cabinets, counters, flooring, tile, and related products.",the-designery-nashville-south-h2,Could approved measurements and product selections stay synchronized from design through ordering?,Orders with an owner-confirmed selection or revision mismatch,mismatches/100 orders,UNKNOWN,"Agree eligible work, observation window, quality threshold and exclusions with the owner before comparing.","100 times confirmed measurement, finish, SKU, or revision mismatches divided by sampled orders.",,"A local selection register linking approved drawing revision, measurement verification, SKU, finish, quantity, and client approval.",Designers verify measurements and suitability; never send orders or substitute materials automatically.,https://ec.co/takeoff-fall-2026-accelerator-cohort/#c-the-designery-nashville-south | https://thedesignery.com/locations/nashville-south/ | https://thedesignery.com/locations/nashville-south/products/appliances/,HYPOTHESIS_REQUIRES_OWNER_VALIDATION
the-designery-nashville-south,The Designery Nashville South,Other,"The Designery Nashville South combines kitchen, bath, and closet product selection with delivery and installation coordination. Its location page covers cabinets, counters, flooring, tile, and related products.",the-designery-nashville-south-h3,Could a materials-readiness check reduce installation rescheduling caused by missing or inconsistent items?,Installations rescheduled for a verified materials-readiness issue,percent of installations,UNKNOWN,"Agree eligible work, observation window, quality threshold and exclusions with the owner before comparing.",100 times installations rescheduled for owner-classified materials issues divided by eligible installations.,,A checklist comparing the approved bill of materials with confirmed delivery and installer prerequisites before the agreed readiness date.,"Do not infer supplier availability, relax construction requirements, or treat every delay as preventable; installers retain professional judgment.",https://ec.co/takeoff-fall-2026-accelerator-cohort/#c-the-designery-nashville-south | https://thedesignery.com/locations/nashville-south/ | https://thedesignery.com/locations/nashville-south/products/appliances/,HYPOTHESIS_REQUIRES_OWNER_VALIDATION
the-nash-philanthropist,The Nash Philanthropist,Social Enterprise / Nonprofit,The Nash Philanthropist describes a platform for discovering and promoting charitable events and experiences.,the-nash-philanthropist-h1,Could event listings remain more dependable if each has a current organizer source and last-checked date?,"Listings with a current verified date, venue, and organizer link",percent of active listings,UNKNOWN,"Agree eligible work, observation window, quality threshold and exclusions with the owner before comparing.",100 times active listings with all agreed fields verified divided by sampled active listings.,,"An event-data checklist that flags missing dates, changed venues, cancelled events, and possible duplicates for an editor.",No automatic publishing or assumed event status; preserve organizer sources and human confirmation.,https://ec.co/takeoff-fall-2026-accelerator-cohort/#c-the-nash-philanthropist | https://www.nashphilanthropist.com/,HYPOTHESIS_REQUIRES_OWNER_VALIDATION
the-nash-philanthropist,The Nash Philanthropist,Social Enterprise / Nonprofit,The Nash Philanthropist describes a platform for discovering and promoting charitable events and experiences.,the-nash-philanthropist-h2,Could an organizer submit a complete event description with fewer editing rounds?,Clarification rounds before an event listing is approved,rounds/listing,UNKNOWN,"Agree eligible work, observation window, quality threshold and exclusions with the owner before comparing.",Total organizer clarification rounds divided by approved listings.,,"A draft submission template for event purpose, time zone, venue, cost, accessibility, ticket link, and the organizer-approved charitable-benefit wording.","Do not invent beneficiary relationships, charitable status, tax deductibility, or fundraising results.",https://ec.co/takeoff-fall-2026-accelerator-cohort/#c-the-nash-philanthropist | https://www.nashphilanthropist.com/,HYPOTHESIS_REQUIRES_OWNER_VALIDATION
the-nash-philanthropist,The Nash Philanthropist,Social Enterprise / Nonprofit,The Nash Philanthropist describes a platform for discovering and promoting charitable events and experiences.,the-nash-philanthropist-h3,Could reporting distinguish platform attention from actual event attendance or contributions?,Promoted events with separately traceable engagement and organizer outcomes,percent of promoted events,UNKNOWN,"Agree eligible work, observation window, quality threshold and exclusions with the owner before comparing.",100 times promoted events with source-labeled engagement and any separately verified organizer outcomes divided by sampled promoted events.,,"A small event report template that separates page views, outbound clicks, organizer-reported attendance, and verified contributions, leaving unknown fields blank.","Clicks do not establish attendance, donations, or causal impact; use only aggregate data the organizer is allowed to share.",https://ec.co/takeoff-fall-2026-accelerator-cohort/#c-the-nash-philanthropist | https://www.nashphilanthropist.com/,HYPOTHESIS_REQUIRES_OWNER_VALIDATION
the-tennessee-hospitality-group,The Tennessee Hospitality Group,Hospitality,"The Tennessee Hospitality Group organizes a membership network, business directory, training, and opportunity support for minority-owned hospitality and tourism businesses across Tennessee.",the-tennessee-hospitality-group-h1,Could member-directory records stay useful for buyers if capability and availability fields are refreshed consistently?,Directory entries with current owner-confirmed capability fields,percent of directory entries,UNKNOWN,"Agree eligible work, observation window, quality threshold and exclusions with the owner before comparing.",100 times sampled entries with required fields and owner confirmation within an agreed freshness period divided by sampled entries.,,"A member-controlled profile checklist for service category, geography, capacity range, relevant documentation status, and last confirmation date.","Do not infer ownership demographics, publish private documents, or label a business certified without authoritative evidence.",https://ec.co/takeoff-fall-2026-accelerator-cohort/#c-the-tennessee-hospitality-group | https://tennesseehospitalitygroup.org/about/ | https://www.linkedin.com/company/nashville-black-hospitality-group | https://tennesseehospitalitygroup.org/,HYPOTHESIS_REQUIRES_OWNER_VALIDATION
the-tennessee-hospitality-group,The Tennessee Hospitality Group,Hospitality,"The Tennessee Hospitality Group organizes a membership network, business directory, training, and opportunity support for minority-owned hospitality and tourism businesses across Tennessee.",the-tennessee-hospitality-group-h2,Could reviewing a specific event or hospitality contract opportunity require less repeated research?,Review time for a source-complete opportunity-fit assessment,minutes/opportunity,UNKNOWN,"Agree eligible work, observation window, quality threshold and exclusions with the owner before comparing.",Total research and reviewer minutes divided by accepted opportunity assessments.,,"A source-linked requirements sheet that compares published scope, dates, minimum requirements, and capacity needs with owner-verified member capabilities.","No automatic bid, eligibility certification, guaranteed award, or invented qualifications; retain unmatched and unknown requirements.",https://ec.co/takeoff-fall-2026-accelerator-cohort/#c-the-tennessee-hospitality-group | https://tennesseehospitalitygroup.org/about/ | https://www.linkedin.com/company/nashville-black-hospitality-group | https://tennesseehospitalitygroup.org/,HYPOTHESIS_REQUIRES_OWNER_VALIDATION
the-tennessee-hospitality-group,The Tennessee Hospitality Group,Hospitality,"The Tennessee Hospitality Group organizes a membership network, business directory, training, and opportunity support for minority-owned hospitality and tourism businesses across Tennessee.",the-tennessee-hospitality-group-h3,Could training and networking follow-ups produce more traceable next steps for members?,Agreed member next steps with acknowledged completion or status,percent of agreed next steps,UNKNOWN,"Agree eligible work, observation window, quality threshold and exclusions with the owner before comparing.",100 times owner-authorized next steps with a dated status acknowledgement divided by agreed next steps.,,"A voluntary action tracker separating training attendance, requested introductions, submitted bids, and any later verified awards.",Do not count attendance as contract readiness or an introduction as revenue; send no messages and reveal no member contacts without authorization.,https://ec.co/takeoff-fall-2026-accelerator-cohort/#c-the-tennessee-hospitality-group | https://tennesseehospitalitygroup.org/about/ | https://www.linkedin.com/company/nashville-black-hospitality-group | https://tennesseehospitalitygroup.org/,HYPOTHESIS_REQUIRES_OWNER_VALIDATION
threadwell-studio,Threadwell Studio,Other,Threadwell Studio helps organizations connect what leadership says with what employees experience. Its own public material combines communications consulting with practical organizational-intelligence and diagnostic resources.,threadwell-studio-h1,Could synthesizing consented audience feedback take less time without erasing minority or contradictory views?,Time to produce a source-traceable thematic summary,minutes/summary,UNKNOWN,"Start with 10 consecutive eligible tasks, or all tasks in one week; retain exceptions and record the sample size.","total coding, drafting, and review minutes / accepted summaries",,A local redacted-note organizer that links each draft theme to supporting and contradicting passages for consultant review.,"No employee surveillance, identity inference, or individual performance scoring; suppress small identifiable groups and retain dissent.",https://threadwellstudio.com/ | https://threadwellstudio.believepro.co/about/ | https://payhip.com/ThreadwellStudioDigital | https://ec.co/takeoff-fall-2026-accelerator-cohort/,HYPOTHESIS_REQUIRES_OWNER_VALIDATION
threadwell-studio,Threadwell Studio,Other,Threadwell Studio helps organizations connect what leadership says with what employees experience. Its own public material combines communications consulting with practical organizational-intelligence and diagnostic resources.,threadwell-studio-h2,Can a message's approved evidence and version be found quickly during review?,Time to locate the current approved claim and rationale,minutes/review question,UNKNOWN,"Start with 10 consecutive eligible tasks, or all tasks in one week; retain exceptions and record the sample size.",total retrieval minutes / resolved review questions,,"An approved-language register with version, source, owner, and approval status; AI can suggest draft wording only from selected approved material.",No automatic crisis response or publishing; the client and consultant make the communication decision.,https://threadwellstudio.com/ | https://threadwellstudio.believepro.co/about/ | https://payhip.com/ThreadwellStudioDigital | https://ec.co/takeoff-fall-2026-accelerator-cohort/,HYPOTHESIS_REQUIRES_OWNER_VALIDATION
threadwell-studio,Threadwell Studio,Other,Threadwell Studio helps organizations connect what leadership says with what employees experience. Its own public material combines communications consulting with practical organizational-intelligence and diagnostic resources.,threadwell-studio-h3,Could repeated workshop or diagnostic preparation become easier without flattening each client's context?,Preparation time for an accepted client-specific session,minutes/session,UNKNOWN,"Start with 10 consecutive eligible tasks, or all tasks in one week; retain exceptions and record the sample size.",total preparation and review minutes / accepted sessions,,"A reusable session checklist with a client-context section, existing resource references, and unresolved questions; generate a draft agenda for review.",Respect proprietary frameworks and client confidentiality; do not recreate or distribute paid products without permission.,https://threadwellstudio.com/ | https://threadwellstudio.believepro.co/about/ | https://payhip.com/ThreadwellStudioDigital | https://ec.co/takeoff-fall-2026-accelerator-cohort/,HYPOTHESIS_REQUIRES_OWNER_VALIDATION
true-vena,True Vena,Healthcare,"True Vena provides mobile blood draws, specimen collection and delivery, and onsite phlebotomy services. Its delivery model brings appointments to homes, workplaces, and facilities.",true-vena-h1,Could an appointment's administrative prerequisites be checked with less back-and-forth before a visit?,Visits needing an administrative correction before scheduling,percent of visits,UNKNOWN,"Agree eligible work, observation window, quality threshold and exclusions with the owner before comparing.",100 times eligible visits with owner-classified missing administrative prerequisites divided by sampled visits.,,A synthetic or de-identified scheduling checklist that records whether required documentation and contact logistics were verified by authorized staff.,"Do not collect patient information in the demonstration, interpret test orders, supply preparation instructions, or decide clinical suitability.",https://ec.co/takeoff-fall-2026-accelerator-cohort/#c-true-vena | https://truevena.com/,HYPOTHESIS_REQUIRES_OWNER_VALIDATION
true-vena,True Vena,Healthcare,"True Vena provides mobile blood draws, specimen collection and delivery, and onsite phlebotomy services. Its delivery model brings appointments to homes, workplaces, and facilities.",true-vena-h2,Can route planning fit visit windows and lab handoff deadlines without adding unnecessary travel?,Logged travel distance per completed comparable mobile visit,miles/visit,UNKNOWN,"Agree eligible work, observation window, quality threshold and exclusions with the owner before comparing.","Actual route miles divided by completed visits, grouped by geography and service requirements.",,"A read-only route worksheet using synthetic locations first, then only owner-approved operational data and fixed pickup/handoff constraints.","Qualified staff preserve specimen handling, timing, and care requirements; no dispatch changes, clinical prioritization, or fuel-saving claim from route estimates.",https://ec.co/takeoff-fall-2026-accelerator-cohort/#c-true-vena | https://truevena.com/,HYPOTHESIS_REQUIRES_OWNER_VALIDATION
true-vena,True Vena,Healthcare,"True Vena provides mobile blood draws, specimen collection and delivery, and onsite phlebotomy services. Its delivery model brings appointments to homes, workplaces, and facilities.",true-vena-h3,Could staff locate the administrative status of a specimen handoff more quickly?,Time to resolve a handoff-status inquiry,minutes/inquiry,UNKNOWN,"Agree eligible work, observation window, quality threshold and exclusions with the owner before comparing.",Total staff retrieval and verification minutes divided by resolved status inquiries.,,"A synthetic status-event log with anonymous job ID, timestamp, responsible role, and acknowledgement, highlighting missing administrative events.","No patient results, diagnoses, or replacement for the authorized laboratory chain-of-custody record; do not infer specimen integrity.",https://ec.co/takeoff-fall-2026-accelerator-cohort/#c-true-vena | https://truevena.com/,HYPOTHESIS_REQUIRES_OWNER_VALIDATION
ultra-beauty-supply-skin-and-nails,Ultra Beauty Supply Skin and Nails,Retail,"Ultra Beauty Supply plans a local professional nail, skin-care, and beauty-supply offering with education. Its current storefront is a launch-signup page, so live inventory and sales are unverified.",ultra-beauty-supply-skin-and-nails-h1,Can early customer conversations clarify the product types and pack sizes professionals most need locally?,Confirmed product requests containing the agreed purchase details,percent of requests,UNKNOWN,"Start with 10 consecutive eligible tasks, or all tasks in one week; retain exceptions and record the sample size.","100 * consented requests with category, pack size, and timing complete / eligible requests",,An owner-approved discovery worksheet and anonymous demand tally to distinguish specific professional needs from general interest.,"No assumed orders, projected revenue, or unauthorized outreach; validate supplier availability before promising stock.",https://ultra-beauty-supply-skin-and-nails.myshopify.com/password | https://ec.co/takeoff-fall-2026-accelerator-cohort/,HYPOTHESIS_REQUIRES_OWNER_VALIDATION
ultra-beauty-supply-skin-and-nails,Ultra Beauty Supply Skin and Nails,Retail,"Ultra Beauty Supply plans a local professional nail, skin-care, and beauty-supply offering with education. Its current storefront is a launch-signup page, so live inventory and sales are unverified.",ultra-beauty-supply-skin-and-nails-h2,Could preparing a product catalog take less time with a consistent supplier-data format?,Catalog preparation time per verified SKU,minutes/SKU,UNKNOWN,"Start with 10 consecutive eligible tasks, or all tasks in one week; retain exceptions and record the sample size.",total data entry plus review minutes / approved SKUs,,"A CSV validator for supplier SKU, brand, pack size, unit, price, source date, and approved product description; draft missing-data requests.","Do not invent ingredients, certifications, product compatibility, or supplier authorization; prices and availability need owner verification.",https://ultra-beauty-supply-skin-and-nails.myshopify.com/password | https://ec.co/takeoff-fall-2026-accelerator-cohort/,HYPOTHESIS_REQUIRES_OWNER_VALIDATION
ultra-beauty-supply-skin-and-nails,Ultra Beauty Supply Skin and Nails,Retail,"Ultra Beauty Supply plans a local professional nail, skin-care, and beauty-supply offering with education. Its current storefront is a launch-signup page, so live inventory and sales are unverified.",ultra-beauty-supply-skin-and-nails-h3,Can education and product inquiries be organized without repeated manual sorting?,Time to route an inquiry to the correct owner-approved response,minutes/inquiry,UNKNOWN,"Start with 10 consecutive eligible tasks, or all tasks in one week; retain exceptions and record the sample size.",total routing plus review minutes / eligible inquiries,,"Tag voluntary inquiries as availability, product details, professional education, or order support, then draft a response from approved material.",No skin diagnosis or treatment advice; keep beauty-product education separate from personalized healthcare.,https://ultra-beauty-supply-skin-and-nails.myshopify.com/password | https://ec.co/takeoff-fall-2026-accelerator-cohort/,HYPOTHESIS_REQUIRES_OWNER_VALIDATION
unapologetically-me,Unapologetically Me,Professional Services,"Unapologetically Me describes a faith-oriented personal-growth offering for women, centered on self-understanding and lasting change.",unapologetically-me-h1,"Could a prospective participant understand the actual offering, facilitator role, and next step from one clear description?",Scope questions before an informed enrollment decision,questions/inquiry,UNKNOWN,"Agree eligible work, observation window, quality threshold and exclusions with the owner before comparing.","Total questions about format, scope, and facilitator role divided by eligible voluntary inquiries.",,"A founder-approved offering sheet for one real service with purpose, format, duration, price if confirmed, and participation expectations.","Do not infer a participant's mental health or personal history; do not claim licensed therapy, guaranteed transformation, or unverified credentials.",https://ec.co/takeoff-fall-2026-accelerator-cohort/#c-unapologetically-me | http://tiktok.com | https://victoriarhodea.com/,HYPOTHESIS_REQUIRES_OWNER_VALIDATION
unapologetically-me,Unapologetically Me,Professional Services,"Unapologetically Me describes a faith-oriented personal-growth offering for women, centered on self-understanding and lasting change.",unapologetically-me-h2,Could preparing a session or content series become easier while keeping the founder's own voice and approved teachings?,Preparation and review effort per accepted session or content item,minutes/item,UNKNOWN,"Agree eligible work, observation window, quality threshold and exclusions with the owner before comparing.","Total drafting, source-checking, and founder-review minutes divided by accepted items.",,"A local outline template linking founder-authored source notes, intended lesson, exercise, and review status; AI may organize supplied material.","The founder approves every item; no fabricated quotations, personal stories, spiritual authority, or externally published content.",https://ec.co/takeoff-fall-2026-accelerator-cohort/#c-unapologetically-me | http://tiktok.com | https://victoriarhodea.com/,HYPOTHESIS_REQUIRES_OWNER_VALIDATION
unapologetically-me,Unapologetically Me,Professional Services,"Unapologetically Me describes a faith-oriented personal-growth offering for women, centered on self-understanding and lasting change.",unapologetically-me-h3,Could voluntary feedback show what participants found useful without turning private disclosures into marketing data?,"Feedback items usable as anonymous, consented service-improvement observations",percent of feedback items,UNKNOWN,"Agree eligible work, observation window, quality threshold and exclusions with the owner before comparing.",100 times feedback items meeting agreed consent and anonymity criteria divided by submitted feedback.,,"A short optional feedback form about clarity, accessibility, and delivery, with a redacted theme tally for the founder.","Do not score individual vulnerability, infer health outcomes, or reuse stories as testimonials without specific permission.",https://ec.co/takeoff-fall-2026-accelerator-cohort/#c-unapologetically-me | http://tiktok.com | https://victoriarhodea.com/,HYPOTHESIS_REQUIRES_OWNER_VALIDATION
validflo,ValidFlo,Financial Services,"ValidFlo describes document-led preparation for accounting firms, with linked source facts and firm-controlled follow-up rules.",validflo-h1,Which document-extracted facts require the most reviewer corrections before a prepared file is usable?,Material extracted facts corrected during professional review,corrections/reviewed fact,UNKNOWN,"Freeze eligible work, observation window and acceptance criteria with the owner; retain incomplete work and exceptions.",,,Evaluate an owner-approved synthetic document set against a frozen fact-and-source answer key.,Do not upload real tax returns or identifiers; extraction quality does not establish tax correctness.,https://ec.co/takeoff-fall-2026-accelerator-cohort/#c-validflo | https://validflo.com/,HYPOTHESIS_REQUIRES_OWNER_VALIDATION
validflo,ValidFlo,Financial Services,"ValidFlo describes document-led preparation for accounting firms, with linked source facts and firm-controlled follow-up rules.",validflo-h2,Can the change-focused interview ask fewer redundant questions without missing a required change?,Unnecessary questions per complete intake with missed-required-change count,questions/intake,UNKNOWN,"Freeze eligible work, observation window and acceptance criteria with the owner; retain incomplete work and exceptions.",,,Replay synthetic prior-year and changed-year cases against explicit firm rules and record missing questions.,A faster interview fails if it drops a required change; the firm controls rules and professional judgment.,https://ec.co/takeoff-fall-2026-accelerator-cohort/#c-validflo | https://validflo.com/,HYPOTHESIS_REQUIRES_OWNER_VALIDATION
validflo,ValidFlo,Financial Services,"ValidFlo describes document-led preparation for accounting firms, with linked source facts and firm-controlled follow-up rules.",validflo-h3,What breaks when a prepared file is handed to an existing portal or practice workflow?,Manual correction time per approved handoff,minutes/handoff,UNKNOWN,"Freeze eligible work, observation window and acceptance criteria with the owner; retain incomplete work and exceptions.",,,A field-mapping checklist compares an approved synthetic export with the receiving system's contract.,Connector availability is phased on the site; do not claim integrations are live without testing each one.,https://ec.co/takeoff-fall-2026-accelerator-cohort/#c-validflo | https://validflo.com/,HYPOTHESIS_REQUIRES_OWNER_VALIDATION
volume-one-nashville-vol1-nashville,Volume One Nashville,Entertainment,The cohort roster presents Volume One Nashville as a production service combining technical crews with creative event work.,volume-one-nashville-vol1-nashville-h1,"Could a shared production checklist catch conflicting versions of audio, video and stage requirements before load-in?",Late technical requirement changes after the approved brief,changes/event,UNKNOWN,"Freeze eligible work, observation window and acceptance criteria with the owner; retain incomplete work and exceptions.",,,"Compare an owner-approved production brief, equipment list and run sheet by version and requirement ID.","Never infer electrical capacity, rigging safety or venue approval; qualified staff retain those checks.",https://ec.co/takeoff-fall-2026-accelerator-cohort/#c-volume-one-nashville-vol1-nashville | https://linktr.ee/vol.1.nashville,HYPOTHESIS_REQUIRES_OWNER_VALIDATION
volume-one-nashville-vol1-nashville,Volume One Nashville,Entertainment,The cohort roster presents Volume One Nashville as a production service combining technical crews with creative event work.,volume-one-nashville-vol1-nashville-h2,Which equipment or staffing omissions cause avoidable return trips or last-minute substitution?,Preventable equipment return trips per completed event,trips/event,UNKNOWN,Count return trips and substitution labor separately over the same frozen event set. Preserve cancelled or incomplete events with their travel and labor; compare only equivalent accepted production scope.,,Unplanned substitution labor per completed event [staff-hours/event]; unknown,"A manifest checklist reconciles booked equipment, assigned crew and confirmed availability.",Protect required crew qualifications and service quality; do not silently remove requested equipment.,https://ec.co/takeoff-fall-2026-accelerator-cohort/#c-volume-one-nashville-vol1-nashville | https://linktr.ee/vol.1.nashville,HYPOTHESIS_REQUIRES_OWNER_VALIDATION
volume-one-nashville-vol1-nashville,Volume One Nashville,Entertainment,The cohort roster presents Volume One Nashville as a production service combining technical crews with creative event work.,volume-one-nashville-vol1-nashville-h3,Can idle AV equipment time be reduced while delivering the same accepted show and rehearsal coverage?,Total metered event energy per accepted event service,kWh/event,UNKNOWN,"Freeze eligible work, observation window and acceptance criteria with the owner; retain incomplete work and exceptions.",,,"Record metered setup, rehearsal, show and teardown energy with explicit equipment and service boundaries.",No energy credit for dropped coverage or shifted generator load; equipment changes need venue and technical approval.,https://ec.co/takeoff-fall-2026-accelerator-cohort/#c-volume-one-nashville-vol1-nashville | https://linktr.ee/vol.1.nashville,HYPOTHESIS_REQUIRES_OWNER_VALIDATION
voxring,VoxRing,IT / Technology,"VoxRing presents voice reception, scheduling and customer-system integration as an existing service for appointment-driven businesses.",voxring-h1,Which scheduling exceptions most often need human correction after an assistant interaction?,Incorrect or conflicted bookings per reviewed scheduling attempt,exceptions/attempt,UNKNOWN,"Freeze eligible work, observation window and acceptance criteria with the owner; retain incomplete work and exceptions.",,,"Replay synthetic time-zone, cancellation, rescheduling and duplicate-request cases against an expected calendar outcome.",Use test calendars only; retain failed attempts in the denominator and require owner-approved success rules.,https://ec.co/takeoff-fall-2026-accelerator-cohort/#c-voxring | https://voxring.ai/,HYPOTHESIS_REQUIRES_OWNER_VALIDATION
voxring,VoxRing,IT / Technology,"VoxRing presents voice reception, scheduling and customer-system integration as an existing service for appointment-driven businesses.",voxring-h2,Could clearer escalation rules improve completion when the assistant is uncertain or outside its approved scope?,Unresolved eligible interactions and inappropriate automated answers,cases/review window,UNKNOWN,"Freeze eligible work, observation window and acceptance criteria with the owner; retain incomplete work and exceptions.",,,Score synthetic call scenarios against a sourced answer set and explicit transfer conditions.,Never replace clinical triage or emergency handling with the test tool; no call recording without authorization.,https://ec.co/takeoff-fall-2026-accelerator-cohort/#c-voxring | https://voxring.ai/,HYPOTHESIS_REQUIRES_OWNER_VALIDATION
voxring,VoxRing,IT / Technology,"VoxRing presents voice reception, scheduling and customer-system integration as an existing service for appointment-driven businesses.",voxring-h3,"Where do repeated webhook events or delayed sync create inconsistent call, lead and appointment records?",Cross-system mismatches per completed interaction,mismatches/interaction,UNKNOWN,"Freeze eligible work, observation window and acceptance criteria with the owner; retain incomplete work and exceptions.",,,"Reconcile test event IDs and timestamps across authorized export samples, including retries and out-of-order arrivals.",No outbound calling or live CRM writes; marketing accuracy and security claims on the site remain unverified.,https://ec.co/takeoff-fall-2026-accelerator-cohort/#c-voxring | https://voxring.ai/,HYPOTHESIS_REQUIRES_OWNER_VALIDATION
wednesday,Wednesday,Education,The roster describes Wednesday as helping campus teams understand student needs and direct support resources.,wednesday-h1,Can campus requests be grouped into actionable themes without losing less common needs?,Staff time to review all eligible feedback with missed-theme count,minutes/review batch,UNKNOWN,"Freeze eligible work, observation window and acceptance criteria with the owner; retain incomplete work and exceptions.",,,"Compare a thematic summary of synthetic feedback with a staff-created reference list, including rare themes.",Do not infer mental-health conditions or student risk; staff review every proposed theme.,https://ec.co/takeoff-fall-2026-accelerator-cohort/#c-wednesday | http://askwednesday.com,HYPOTHESIS_REQUIRES_OWNER_VALIDATION
wednesday,Wednesday,Education,The roster describes Wednesday as helping campus teams understand student needs and direct support resources.,wednesday-h2,Would current resource information reduce manual checks before staff direct someone to support?,Outdated resource references per reviewed directory sample,references/sample,UNKNOWN,"Freeze eligible work, observation window and acceptance criteria with the owner; retain incomplete work and exceptions.",,,"A dated resource checklist records owner, availability source, eligibility and next verification date.",No automated eligibility or benefit denial; confirm each resource with its responsible campus office.,https://ec.co/takeoff-fall-2026-accelerator-cohort/#c-wednesday | http://askwednesday.com,HYPOTHESIS_REQUIRES_OWNER_VALIDATION
wednesday,Wednesday,Education,The roster describes Wednesday as helping campus teams understand student needs and direct support resources.,wednesday-h3,Which support handoffs lack an acknowledged next owner or closure reason?,Unacknowledged handoffs beyond a staff-approved target,handoffs/window,UNKNOWN,"Freeze eligible work, observation window and acceptance criteria with the owner; retain incomplete work and exceptions.",,,"A synthetic ticket ledger makes acknowledged ownership, next step and outcome fields explicit.","No real student records, confidential stories or disciplinary decisions; closure must reflect actual service, not a cleared queue.",https://ec.co/takeoff-fall-2026-accelerator-cohort/#c-wednesday | http://askwednesday.com,HYPOTHESIS_REQUIRES_OWNER_VALIDATION
xi,Xi,Retail,Xi is presented in the cohort roster as a boutique with a curated selection of women's casual clothing.,xi-h1,Could clearer size and product information reduce repeated pre-purchase questions?,Repeated size or specification questions per product inquiry,questions/inquiry,UNKNOWN,"Freeze eligible work, observation window and acceptance criteria with the owner; retain incomplete work and exceptions.",,,"A catalog completeness worksheet highlights missing owner-supplied measurements, materials and care notes.",Do not invent measurements or fit guarantees; the owner approves all product facts.,https://ec.co/takeoff-fall-2026-accelerator-cohort/#c-xi | http://www.xishops.com,HYPOTHESIS_REQUIRES_OWNER_VALIDATION
xi,Xi,Retail,Xi is presented in the cohort roster as a boutique with a curated selection of women's casual clothing.,xi-h2,Where do stock records disagree with items available to promise across selling channels?,Inventory discrepancies per counted SKU,discrepancies/SKU,UNKNOWN,"Freeze eligible work, observation window and acceptance criteria with the owner; retain incomplete work and exceptions.",,,"Reconcile authorized inventory exports and physical counts while separating holds, returns and damaged stock.",No automatic purchasing or stock adjustment; retain exceptions and avoid unsupported demand forecasts.,https://ec.co/takeoff-fall-2026-accelerator-cohort/#c-xi | http://www.xishops.com,HYPOTHESIS_REQUIRES_OWNER_VALIDATION
xi,Xi,Retail,Xi is presented in the cohort roster as a boutique with a curated selection of women's casual clothing.,xi-h3,Could a consistent return-reason record reveal preventable product-page confusion?,Returns linked to incorrect or missing product information,returns/review window,UNKNOWN,"Freeze eligible work, observation window and acceptance criteria with the owner; retain incomplete work and exceptions.",,,"Classify owner-approved, anonymous return reasons and propose one factual content correction to test.",Do not infer customer attributes or suppress legitimate returns; compare margin and satisfaction with volume.,https://ec.co/takeoff-fall-2026-accelerator-cohort/#c-xi | http://www.xishops.com,HYPOTHESIS_REQUIRES_OWNER_VALIDATION
yoamigo,YoAmigo,IT / Technology,"YoAmigo links client requests, a developer's work and delivery feedback in one project conversation.",yoamigo-h1,Which missing acceptance details cause a delivered build to return for avoidable clarification?,Clarification cycles before accepted delivery,cycles/request,UNKNOWN,"Freeze eligible work, observation window and acceptance criteria with the owner; retain incomplete work and exceptions.",,,A requirement-to-acceptance checklist traces each client-approved request to a demonstrable result.,Client approval remains explicit; do not invent requirements or treat a preview as accepted delivery.,https://ec.co/takeoff-fall-2026-accelerator-cohort/#c-yoamigo | https://www.yoamigo.com/,HYPOTHESIS_REQUIRES_OWNER_VALIDATION
yoamigo,YoAmigo,IT / Technology,"YoAmigo links client requests, a developer's work and delivery feedback in one project conversation.",yoamigo-h2,"Can a release check catch broken links, missing assets or regressions before a client receives the delivery?",Client-visible defects escaping a bounded release check,defects/delivery,UNKNOWN,"Freeze eligible work, observation window and acceptance criteria with the owner; retain incomplete work and exceptions.",,,"Review a test project's changed requirements, build result and browser checks against the prior accepted version.",Do not publish to a client domain or reuse client secrets; all claims require observed working behavior.,https://ec.co/takeoff-fall-2026-accelerator-cohort/#c-yoamigo | https://www.yoamigo.com/,HYPOTHESIS_REQUIRES_OWNER_VALIDATION
yoamigo,YoAmigo,IT / Technology,"YoAmigo links client requests, a developer's work and delivery feedback in one project conversation.",yoamigo-h3,"Where does an interruption break the connection between the accepted request, source version and live result?",Time to establish the authoritative delivery state after interruption,minutes/incident,UNKNOWN,"Freeze eligible work, observation window and acceptance criteria with the owner; retain incomplete work and exceptions.",,,"A provenance worksheet connects approved request, source version, deployment receipt and rollback reference.",No inference that a build or hash proves deployment; preserve failed and superseded releases.,https://ec.co/takeoff-fall-2026-accelerator-cohort/#c-yoamigo | https://www.yoamigo.com/,HYPOTHESIS_REQUIRES_OWNER_VALIDATION
